Name,Number_of_tweets,Account_age,Number_of_followers,Following_to_follower_ratio,ratio_retweets,ratio_retweeted_originaltweets,ratio_favorite_originaltweets,screen_name,lazy,points,Acronyme_parti,Nom_parti,Nuance_Politique,url_image
Eric Woerth,1662,1602,30588,0.009219302,0.139492754,29.94877193,7.202105262999999,ericwoerth,166,0,LR,Les Républicains,Droite,http://pbs.twimg.com/profile_images/698537727034310659/zCctQ8QG_normal.jpg
Clergeau MF,2539,1545,3399,0.29861724,0.118925326,2.535874439,0.751569507,clergeaumf,345,510,PS,Parti Socialiste,Gauche,http://pbs.twimg.com/profile_images/2328180120/ogcd9ctfv2c2r44fx4h2_normal.jpeg
Michèle Tabarot,983,1458,3066,0.145140248,0.335078534,7.787401575,2.491338583,MTabarot,64,4,LR,Les Républicains,Droite,http://pbs.twimg.com/profile_images/3169092404/544b255b01fe0e6fc36201a0b5812d37_normal.jpeg
Alain Gest,2112,1491,2500,0.2948,0.182770109,1.797320909,0.5550378570000001,Alain_Gest,172,0,LR,Les Républicains,Droite,http://pbs.twimg.com/profile_images/2247132387/ag2012b_normal.jpg
Bernard ROMAN,3211,1443,5331,0.623147627,0.570215545,5.928571429,2.594224924,bernardroman59,284,69,PS,Parti Socialiste,Gauche,http://pbs.twimg.com/profile_images/666279297850699776/NIyLh_K5_normal.jpg
Eric Ciotti,9091,2308,45480,0.020866315,0.127856702,27.11437677,12.86543909,ECiotti,259,34,LR,Les Républicains,Droite,http://pbs.twimg.com/profile_images/676787892136615936/q336PDyG_normal.png
Olivier Falorni,154,1437,3013,0.174244939,0.390728477,9.576086957000001,3.630434783,OlivierFalorni,13,0,PRG,Parti Radical de Gauche,Gauche,http://pbs.twimg.com/profile_images/1955375391/OF_normal.jpg
Jean-Louis COSTES,967,2129,1686,0.979833926,0.18295218300000002,2.20610687,0.451653944,jeanlouiscostes,47,16,LR,Les Républicains,Droite,http://pbs.twimg.com/profile_images/378800000570925071/2f3290b05f851836afab934e767bcbce_normal.jpeg
Michel Françaix,508,2030,2041,0.285154336,0.21956087800000001,1.0946291559999999,0.061381074,michelfrancaix,64,0,PS,Parti Socialiste,Gauche,http://pbs.twimg.com/profile_images/1738870525/image_normal.jpg
Jean-Louis BORLOO,1458,1789,188657,0.000620173,0.145017182,22.55868167,6.509646302,JLBorloo,113,0,UDI,Union des Démocrates et Indépendants,Centre,http://pbs.twimg.com/profile_images/378800000712332192/571cc22b44c15abc5dc2e445cb10ba4f_normal.jpeg
Emmanuel Macron,787,863,180104,0.002731755,0.165605096,81.25648855,56.43969466,EmmanuelMacron,49,0,PS,Parti Socialiste,Gauche,http://pbs.twimg.com/profile_images/694544131301994496/NJhiiTaa_normal.jpg
Christophe Caresche,4081,1507,4552,0.16234622099999999,0.255625,1.697732997,0.656171285,CCaresche,392,266,PS,Parti Socialiste,Gauche,http://pbs.twimg.com/profile_images/1758900682/image_normal.jpg
David Douillet,564,2201,15801,0.014682615,0.310283688,6.555269922999999,3.048843188,DDouillet,71,0,LR,Les Républicains,Droite,http://pbs.twimg.com/profile_images/2220632683/David_Douillet_-_portrait_profil_normal.jpg
Alain Tourret,292,1435,1127,0.10204081599999999,0.051546392,0.442028986,0.105072464,AlainTourret,23,0,PRG,Parti Radical de Gauche,Gauche,http://pbs.twimg.com/profile_images/378800000640326281/07bffb646a67f7c160034bab2d8af31a_normal.jpeg
Jean-Marc Germain,3036,2319,8431,0.088838809,0.37810122399999996,4.0377659569999995,1.398404255,jmgermain,303,2,PS,Parti Socialiste,Gauche,http://pbs.twimg.com/profile_images/696607789549023232/aA8BHW3L_normal.jpg
Philippe Nauche,4214,1606,3257,0.996008597,0.534488092,2.641196013,0.46511627899999997,PhilippeNauche,218,6,PS,Parti Socialiste,Gauche,http://pbs.twimg.com/profile_images/461155610780639232/85wihRrQ_normal.jpeg
Eva Joly,2621,1883,141756,0.036739186,0.282159265,24.9264,4.7888,EvaJoly,452,0,EELV,Europe Ecologie Les Verts,Gauche,http://pbs.twimg.com/profile_images/2045044335/Eva-Joly-2012---affiche-officielle-square2_normal.png
benoithamon,4358,2878,228522,0.0077585530000000005,0.18647223100000002,21.75705568,9.351639968999999,benoithamon,243,0,PS,Parti Socialiste,Gauche,http://pbs.twimg.com/profile_images/613358253741838337/hZhrHVBh_normal.jpg
Bourguignon Brigitte,2879,1486,2028,0.130670611,0.8920612809999999,0.883870968,0.651612903,BourguignonBrig,340,77,PS,Parti Socialiste,Gauche,http://pbs.twimg.com/profile_images/654287830475276292/dPsnr1qE_normal.jpg
CatherineVautrin,1,2290,668,0.0014970060000000002,0.0,0.0,1.0,CaVautrin,0,0,LR,Les Républicains,Droite,http://pbs.twimg.com/profile_images/665531269359534080/1SwM61Um_normal.jpg
Françoise Dumas,2661,1485,1487,0.47612642899999996,0.645516717,0.749196141,0.41693462,fdumasdeputee,362,52,PS,Parti Socialiste,Gauche,http://pbs.twimg.com/profile_images/668888669407813632/r7ClEoDF_normal.jpg
Laurent Baumel,1301,1443,6707,0.121962129,0.6458498020000001,6.111607143,2.107142857,laurentbaumel,98,0,PS,Parti Socialiste,Gauche,http://pbs.twimg.com/profile_images/561499712608825344/q2_QKcMH_normal.jpeg
Jean Claude Mignon,2271,1567,1885,0.8100795759999999,0.452964779,1.360228199,0.6821515890000001,JC_Mignon77,170,3,LR,Les Républicains,Droite,http://pbs.twimg.com/profile_images/572286129237573632/AJ2im4gG_normal.jpeg
Thierry Repentin,915,2130,6732,0.083481878,0.34835164799999996,3.870151771,0.8650927490000001,trepentin,100,1,PS,Parti Socialiste,Gauche,http://pbs.twimg.com/profile_images/1794478093/thierry-repentin-7964_normal.jpg
Marylise Lebranchu,1799,2154,29888,0.10934154199999999,0.380659586,12.01173285,4.50631769,mlebranchu,115,27,PS,Parti Socialiste,Gauche,http://pbs.twimg.com/profile_images/605419748529184769/6TGlJiwr_normal.jpg
Dominique Chauvel,421,1848,1643,0.302495435,0.29710144899999996,1.189003436,0.12371134,deputeeChauvel,58,1,PS,Parti Socialiste,Gauche,http://pbs.twimg.com/profile_images/2345026414/igxb76e17r3zx7dsxy4m_normal.jpeg
J-Sébastien Vialatte,3876,1378,1572,0.142493639,0.609919571,1.8797250859999999,0.22766323,JS_Vialatte,323,5,LR,Les Républicains,Droite,http://pbs.twimg.com/profile_images/2763791875/40ee6778fd66e06e5adde35943753aa6_normal.png
Brigitte Allain,1381,1421,2311,0.202942449,0.42235123399999996,1.65201005,0.6733668340000001,BrigitteAllain,112,13,EELV,Europe Ecologie Les Verts,Gauche,http://pbs.twimg.com/profile_images/378800000664595816/dce0e15da7dd66cb46bc44f7b57caf61_normal.jpeg
Monique Rabin,816,1220,347,0.5417867439999999,0.632704403,0.45890411,0.328767123,moniqrabin,136,0,PS,Parti Socialiste,Gauche,http://pbs.twimg.com/profile_images/690176484175126528/mdJ4rWOS_normal.jpg
Olivier Marleix,557,769,845,0.356213018,0.651624549,9.440414508,3.9067357510000003,oliviermarleix,71,3,LR,Les Républicains,Droite,http://pbs.twimg.com/profile_images/426042529453060097/gvqxH7Wp_normal.jpeg
William DUMAS,1382,1457,2201,0.191276692,0.8451757670000001,0.458937198,0.149758454,william_dumas,59,61,PS,Parti Socialiste,Gauche,http://pbs.twimg.com/profile_images/469097067864805378/tyQMi-Mw_normal.jpeg
Philippe Kemel,2343,1447,2306,0.22506504800000002,0.109777015,0.49566474,0.225915222,philippekemel,149,1,PS,Parti Socialiste,Gauche,http://pbs.twimg.com/profile_images/667457299775168512/_b-AfYm6_normal.jpg
Conchita Lacuey,21,1408,707,0.254596888,0.095238095,1.0,0.10526315800000001,ConchitaLacuey,0,0,PS,Parti Socialiste,Gauche,0
Linda Gourjade,282,1498,1901,0.234087322,0.215053763,0.840182648,0.44748858399999997,Linda_Gourjade,16,0,PS,Parti Socialiste,Gauche,http://pbs.twimg.com/profile_images/639707022477406208/QD9hrOMX_normal.jpg
Christian Estrosi,9266,2325,81739,0.009799484,0.139962594,30.49691917,17.02682131,cestrosi,294,0,LR,Les Républicains,Droite,http://pbs.twimg.com/profile_images/628612291957792768/iha6ilE8_normal.jpg
Jacques Valax,227,1357,2057,0.289256198,0.140969163,1.056410256,0.17435897399999997,jvalax,10,0,PS,Parti Socialiste,Gauche,http://pbs.twimg.com/profile_images/2307150765/1c823112de5be65bb534cec0844d0b1f_normal.jpg
Valérie Fourneyron,3393,1563,25626,0.025247795,0.299938157,8.145759717,2.36704947,vfourneyron,298,45,PS,Parti Socialiste,Gauche,http://pbs.twimg.com/profile_images/675345624099856386/pmVAL-Mj_normal.jpg
Clotilde VALTER,5744,1586,4357,0.16823502399999998,0.448574969,1.8179775280000001,0.798314607,ClotildeVALTER,381,12,PS,Parti Socialiste,Gauche,http://pbs.twimg.com/profile_images/483751931710828545/Vdini352_normal.jpeg
Gilles BOURDOULEIX,150,1399,897,0.02006689,0.02739726,2.225352113,0.823943662,GBOURDOULEIX,9,5,AUTRE,Autre,Autre,http://pbs.twimg.com/profile_images/2203736288/Gilles_Bourdouleix_normal.jpeg
Patrick Labaune,955,1468,1603,0.219588272,0.46996838799999996,1.7992047709999999,0.779324056,patricklabaune,63,0,LR,Les Républicains,Droite,http://pbs.twimg.com/profile_images/671404724046979073/CvH3y_tw_normal.jpg
Benoist Apparu,4489,2559,50633,0.014081725,0.28933375,11.36047535,3.580985915,benoistapparu,310,5,LR,Les Républicains,Droite,http://pbs.twimg.com/profile_images/510419724216180736/x6SwmAej_normal.jpeg
François de Rugy,20508,1518,18103,0.026073027000000002,0.374495811,5.8591269839999995,4.064980159,FdeRugy,285,51,EELV,Europe Ecologie Les Verts,Gauche,http://pbs.twimg.com/profile_images/1736905188/fdr_officiel_normal.jpg
Jean-Jacques Urvoas,2758,1676,25145,0.035553787999999996,0.35001826799999997,11.22259696,2.615514334,JJUrvoas,220,16,PS,Parti Socialiste,Gauche,http://pbs.twimg.com/profile_images/1470762527/JJUBretons_normal.jpg
laurence rossignol,8722,2333,18136,0.063299515,0.49117276200000004,11.96840149,4.551425031,laurossignol,242,7,PS,Parti Socialiste,Gauche,http://pbs.twimg.com/profile_images/586892148206915585/C_LOAaEX_normal.jpg
Jean-Yves Le Drian,661,1155,23969,0.009929492,0.118003026,18.87135506,8.420240137,JY_LeDrian,64,0,PS,Parti Socialiste,Gauche,http://pbs.twimg.com/profile_images/571009603446374400/NFY8ALh8_normal.jpeg
Jean-Marie Le Pen,680,1104,45349,0.0030430659999999997,0.080882353,125.0992,61.7488,lepenjm,93,0,FN,Front National,Extrême-Droite,http://pbs.twimg.com/profile_images/656881004620193792/J5RpIYFJ_normal.png
M-A Chapdelaine,2129,1351,3817,0.7291066279999999,0.350802644,2.717090909,1.0116363640000001,ma_chapdelaine,223,12,PS,Parti Socialiste,Gauche,http://pbs.twimg.com/profile_images/656775146695467008/Kn34ntKW_normal.jpg
George Pau-Langevin,1577,2336,21297,0.043339437,0.326322498,7.455061495,2.567644276,Pau_Langevin,137,1,PS,Parti Socialiste,Gauche,http://pbs.twimg.com/profile_images/378800000510885684/08ce50ac3b93f53bbabedf6ebc8fb0cf_normal.jpeg
François SAUVADET,4448,2356,10084,0.030543435,0.139794967,5.537739256,2.013723366,sauvadet,439,17,UDI,Union des Démocrates et Indépendants,Centre,http://pbs.twimg.com/profile_images/1579873756/FS_128_TWITTER_normal.jpg
JC Taugourdeau,1192,1939,1969,0.44388014200000003,0.322033898,3.2825,0.7475,JCTaugourdeau,172,49,LR,Les Républicains,Droite,http://pbs.twimg.com/profile_images/686888070088671232/nX7YDq-n_normal.jpg
Jean-Marc Ayrault,3313,2526,199620,0.002474702,0.054391997000000004,23.20429752,5.674380165,jeanmarcayrault,328,27,PS,Parti Socialiste,Gauche,http://pbs.twimg.com/profile_images/3785759994/62ad67f280b316e0de8fccba9769b869_normal.png
Yves Albarello,20,1741,672,0.0,0.0,0.15,0.05,YvesAlbarello,1,0,LR,Les Républicains,Droite,http://pbs.twimg.com/profile_images/1460148695/YA_normal.jpg
Carlos DA SILVA,3982,1733,5298,0.085881465,0.24585635399999997,5.6543040289999995,2.091117216,DaSilvaCarlos91,304,5,PS,Parti Socialiste,Gauche,http://pbs.twimg.com/profile_images/677902821858131968/8gHtpn70_normal.jpg
Alain Chrétien,629,1837,2215,0.18013544,0.466448445,2.2638036809999997,0.8128834359999999,alainchretien,46,2,LR,Les Républicains,Droite,http://pbs.twimg.com/profile_images/524915695679979520/86h9ns3G_normal.jpeg
Christian Kert,2350,1492,3567,0.3431455,0.011508951000000002,0.419577404,0.133247089,christian_kert,188,11,LR,Les Républicains,Droite,http://pbs.twimg.com/profile_images/626403865039081473/tyOgT7Z9_normal.jpg
Alexis Bachelay,14534,1268,8681,0.203778367,0.502338634,5.328947368,2.981203008,ABachelay,311,17,PS,Parti Socialiste,Gauche,http://pbs.twimg.com/profile_images/678891057006907393/TwpY9dME_normal.jpg
Patrick Mennucci,5477,2766,9093,0.130320026,0.315540114,5.562990309,1.5016151359999999,patrickmennucci,248,0,PS,Parti Socialiste,Gauche,http://pbs.twimg.com/profile_images/575787911737647104/805thzqD_normal.jpeg
Jérôme Chartier,4045,1642,13212,0.026188314,0.481550969,4.908323281,1.330518697,jechartier,243,1,LR,Les Républicains,Droite,http://pbs.twimg.com/profile_images/665988315850612737/n-MuotAW_normal.jpg
Dominique TIAN,372,1444,2428,0.07001647400000001,0.132432432,3.504672897,0.8691588790000001,Dominique_TIAN,15,2,LR,Les Républicains,Droite,http://pbs.twimg.com/profile_images/3211902252/918534a6f2e9bedd3e871d6a7c3f2f41_normal.jpeg
Ségolène Neuville,904,1512,6780,0.053244837999999996,0.349384099,6.366609294,2.657487091,s_neuville,95,17,PS,Parti Socialiste,Gauche,http://pbs.twimg.com/profile_images/459737584470872064/dNrA4fgJ_normal.jpeg
DeputeMartin,882,1645,577,0.344887348,0.150857143,0.286675639,0.12113055199999999,DeputeMartin,98,2,PS,Parti Socialiste,Gauche,http://pbs.twimg.com/profile_images/2221120599/twitter_normal.jpg
Monique Orphé,677,1454,1421,0.44264602399999997,0.111111111,0.146666667,0.055,moniqueorphe,78,0,PS,Parti Socialiste,Gauche,http://pbs.twimg.com/profile_images/3192194077/3e66b3d6b4a4bf9cc8344254e1f65c39_normal.png
Jean-Vincent Placé,5566,1924,70001,0.033970942999999997,0.8514820590000001,12.72058824,5.6617647060000005,JVPlace,163,6,EELV,Europe Ecologie Les Verts,Gauche,http://pbs.twimg.com/profile_images/639429671780753408/yRuRByvw_normal.jpg
Valérie Pécresse,13196,2444,173854,0.00589,0.543125,50.68331053,22.38645691,vpecresse,276,0,LR,Les Républicains,Droite,http://pbs.twimg.com/profile_images/677386584237449216/G3dJJ_ND_normal.png
Joëlle Huillier,361,1345,727,0.209078404,0.125698324,0.49201278,0.277955272,Joellehuillier,25,0,PS,Parti Socialiste,Gauche,http://pbs.twimg.com/profile_images/508951835109904384/W0SatM0f_normal.jpeg
Seybah Dagoma,832,1400,3788,0.12302006300000001,0.533092659,2.871134021,1.5,SeybahDagoma,86,0,PS,Parti Socialiste,Gauche,http://pbs.twimg.com/profile_images/654211020525862912/qmrqFUbZ_normal.jpg
Jean-Jacques GUILLET,717,1395,2240,0.061607142999999996,0.1179941,2.364548495,0.677257525,jjguillet,70,0,LR,Les Républicains,Droite,http://pbs.twimg.com/profile_images/2198275269/jjg_normal.jpg
Claudine_Schmid,784,1566,912,0.055921053,0.13076923099999999,0.669616519,0.237463127,Claudine_Schmid,58,5,LR,Les Républicains,Droite,http://pbs.twimg.com/profile_images/1713802818/Claudine-Beaukal_normal.jpg
Philippe Bas,2468,1050,2437,0.073040624,0.5922764229999999,3.409770688,0.9391824529999999,BasPhilippe,269,6,LR,Les Républicains,Droite,http://pbs.twimg.com/profile_images/3533927706/1c4838f1051b702e79ee0acf03ad83f8_normal.jpeg
Aurélie Filippetti,1471,1844,161423,0.004763881,0.313096862,25.41211519,11.48857994,aurelifil,120,1,PS,Parti Socialiste,Gauche,http://pbs.twimg.com/profile_images/679773113509371904/ilWVVt2g_normal.jpg
Catherine Troallic,1798,1238,1351,0.195410807,0.577488688,1.721552878,0.49799196799999995,CaTroallic,214,42,PS,Parti Socialiste,Gauche,http://pbs.twimg.com/profile_images/605476859732758528/xtcesKZw_normal.jpg
Antoine KARAM,252,1211,1134,0.405643739,0.262948207,1.583783784,0.583783784,AKaram973,16,0,PS,Parti Socialiste,Gauche,http://pbs.twimg.com/profile_images/595897953690263552/ZPZwcEuC_normal.jpg
Olivier Dussopt,9836,1792,11892,0.12050117699999999,0.712896141,6.940983607000001,2.906010929,olivierdussopt,306,56,PS,Parti Socialiste,Gauche,http://pbs.twimg.com/profile_images/634704004879122432/JTJ2rP53_normal.jpg
christine Boutin,16502,2297,93804,0.019327534,0.6935233959999999,4.862487361,2.552072801,christineboutin,396,0,PCD,Parti Chrétien Démocrate,Droite,http://pbs.twimg.com/profile_images/707463012354007040/gJ_kgcnO_normal.jpg
Michel Bouvard,143,332,236,0.288135593,0.086956522,1.8333333330000001,1.079365079,m_bouvard,11,0,LR,Les Républicains,Droite,http://pbs.twimg.com/profile_images/584671947155464192/hu0dw7cP_normal.jpg
Florent Boudié,1719,1856,2317,0.23305999100000002,0.123759486,2.309127249,0.664223851,florent_boudie,187,8,PS,Parti Socialiste,Gauche,http://pbs.twimg.com/profile_images/674493258400210948/meyYltHi_normal.jpg
Annick Girardin,1421,649,5483,0.09939814,0.325811001,9.286610879,5.323221757,AnnickGirardin,106,3,PRG,Parti Radical de Gauche,Gauche,http://pbs.twimg.com/profile_images/672026437344468992/pg1HU1PS_normal.jpg
Jean-Luc MOUDENC,2756,1599,7103,0.030691257000000003,0.371491068,11.65023202,4.319605568,jlmoudenc,236,8,LR,Les Républicains,Droite,http://pbs.twimg.com/profile_images/605626274095239168/l2v_U2F8_normal.jpg
Sansu Nicolas,814,532,833,0.93997599,0.508034611,1.974874372,0.663316583,NicolasSansu,92,4,PCF,Parti Communiste Français,Extrême-Gauche,http://pbs.twimg.com/profile_images/512328773329772544/SkopzJQB_normal.jpeg
G. Chevrollier,1244,1465,1096,0.166058394,0.244157937,1.23880597,0.267590618,gchevrollier,184,55,LR,Les Républicains,Droite,http://pbs.twimg.com/profile_images/2677111849/f37f782383eedde541375e98b723225b_normal.png
André VALLINI,1821,1379,5540,0.15234657,0.561606161,4.185696361000001,1.254705144,VALLINIAndre,143,0,PS,Parti Socialiste,Gauche,http://pbs.twimg.com/profile_images/691541809235902464/NoDGeHvt_normal.jpg
Nathalie NIESON,325,1538,1328,0.00753012,0.295950156,0.654867257,0.349557522,nnieson,29,2,PS,Parti Socialiste,Gauche,http://pbs.twimg.com/profile_images/684740725486006273/7zLlCcvQ_normal.jpg
Thierry Robert,1456,1511,2166,0.22206832899999998,0.22641509399999998,1.346883469,0.306233062,trobert974,76,4,AUTRE,Autre,Autre,http://pbs.twimg.com/profile_images/600505658941829120/UaBPrAh9_normal.jpg
N. Dupont-Aignan,6825,2492,72096,0.010957612,0.35778396799999995,45.35518072,16.37301205,dupontaignan,320,0,DLF,Debout La France,Autre,http://pbs.twimg.com/profile_images/672054572601483265/xRGGJGn1_normal.jpg
Jean-Pierre Giran,3,1993,647,0.047913447000000005,0.0,0.0,0.0,JPGiran,0,0,LR,Les Républicains,Droite,https://pbs.twimg.com/profile_images/466944517896040448/ZLoHkaPT_normal.jpeg
Christophe Castaner,6826,2170,5757,0.18794511,0.507125155,13.22941546,6.967316153,CCastaner,278,7,PS,Parti Socialiste,Gauche,http://pbs.twimg.com/profile_images/671685353229692928/Ju4eWhRd_normal.jpg
Charles Ange Ginesy,2423,2309,3632,0.172907489,0.18561389,2.577664975,0.8944162440000001,ca_ginesy,186,12,LR,Les Républicains,Droite,http://pbs.twimg.com/profile_images/676701723206025216/39Npm62l_normal.jpg
Pascal Terrasse,4300,1963,18592,0.038134682,0.426018809,3.400873839,1.1409066079999999,pterrasse,261,52,PS,Parti Socialiste,Gauche,http://pbs.twimg.com/profile_images/668379154820284416/ZrG4I50s_normal.jpg
Claude Bartolone,4206,2542,83983,0.031006275,0.197278912,24.437596300000003,9.68412943,claudebartolone,335,8,PS,Parti Socialiste,Gauche,http://pbs.twimg.com/profile_images/678720797482074112/vePQpItU_normal.jpg
Nathalie Chabanne,264,1507,1434,0.562064156,0.524904215,2.008064516,0.85483871,Chabanne_Nat,17,0,PS,Parti Socialiste,Gauche,http://pbs.twimg.com/profile_images/604189311215521792/4vzCCxLK_normal.jpg
Jean-Marie Tetart,790,1500,1240,0.192741935,0.124365482,0.7666666670000001,0.326086957,JeanMarieTetart,65,0,LR,Les Républicains,Droite,http://pbs.twimg.com/profile_images/461551694476632065/FgzVZWeE_normal.jpeg
jacques pelissard,8,2205,1238,0.008885299000000001,0.0,0.0,0.0,pelissard,0,0,LR,Les Républicains,Droite,http://pbs.twimg.com/profile_images/700947290/2345_normal.jpg
Florian Philippot,5581,1499,68109,0.008207431999999999,0.141710404,115.4615108,63.5823741,f_philippot,229,0,FN,Front National,Extrême-Droite,http://pbs.twimg.com/profile_images/706769234135785472/pCSLlKc4_normal.jpg
Anne-Yvonne Le Dain,10185,1226,3569,0.515270384,0.18110972600000003,1.269128283,0.7247811190000001,Ayledain,264,11,PS,Parti Socialiste,Gauche,http://pbs.twimg.com/profile_images/3128408995/834988748a530501fdec2195642495a9_normal.png
Jean-Chr. Cambadélis,7652,2858,42279,0.092291681,0.43844961200000004,19.80176698,8.029265599,jccambadelis,243,0,PS,Parti Socialiste,Gauche,http://pbs.twimg.com/profile_images/672860497579024384/FPqNPFtA_normal.jpg
Franck Marlin,168,1618,1096,0.072992701,0.03030303,2.59375,0.58125,franckmarlin,15,0,LR,Les Républicains,Droite,http://pbs.twimg.com/profile_images/1562535367/detour__2_normal.png
Hervé Mariton,2865,1488,17034,0.136550429,0.259389259,16.01848341,4.873459716,HerveMariton,288,28,LR,Les Républicains,Droite,http://pbs.twimg.com/profile_images/700620576935641088/r0CiyJrM_normal.jpg
François André,1477,1547,2499,0.201680672,0.11517615199999999,0.6033690660000001,0.169218989,FrancoisAndre35,90,0,PS,Parti Socialiste,Gauche,http://pbs.twimg.com/profile_images/2354828718/image_normal.jpg
Vincent Feltesse,9217,2539,16264,0.125184456,0.573415765,5.062318841000001,1.5478260869999998,VincentFeltesse,255,5,PS,Parti Socialiste,Gauche,http://pbs.twimg.com/profile_images/665823906985598976/Y-k5G6ng_normal.jpg
Jean-Marc Todeschini,761,466,2424,0.33869637,0.259210526,9.490230906,5.2433392539999994,JM_Todeschini,68,0,PS,Parti Socialiste,Gauche,http://pbs.twimg.com/profile_images/644917057704882180/83sh8ff0_normal.jpg
Marcel ROGEMONT,606,2192,2320,0.176724138,0.2,1.154958678,0.266528926,marcelrogemont,40,0,PS,Parti Socialiste,Gauche,http://pbs.twimg.com/profile_images/1731574400/11.06.09ppl_sur_le_mariage_homosexuel_normal.png
JeanFrédéric Poisson,3119,1390,9404,0.116014462,0.172503243,17.90125392,4.063479624,jfpoisson78,440,39,LR,Les Républicains,Droite,http://pbs.twimg.com/profile_images/691275064508039168/WEXhf5Jd_normal.jpg
François Hollande,4506,2608,1466618,0.001073217,0.001558603,152.41867,72.58476428,fhollande,399,0,PS,Parti Socialiste,Gauche,http://pbs.twimg.com/profile_images/418416077970759680/9xCL2MCN_normal.jpeg
Jean-Michel Couve,338,1394,1635,0.019571865,0.10542168699999999,0.757575758,0.067340067,jmcouve,15,0,LR,Les Républicains,Droite,http://pbs.twimg.com/profile_images/3208044833/b61bcd9eda0d48007b7df0f4f3adda9f_normal.jpeg
Luc CHATEL,3019,2550,47501,0.024462643,0.40676263799999995,9.835778781,2.099322799,LucChatel,222,4,LR,Les Républicains,Droite,http://pbs.twimg.com/profile_images/696340511293050881/LKMgixfr_normal.jpg
Christiane Taubira,1772,2284,324792,0.000883642,0.12591756099999998,103.0368217,70.86175711,ChTaubira,192,0,PS,Parti Socialiste,Gauche,http://pbs.twimg.com/profile_images/557242395948236801/kGaxuPJA_normal.jpeg
Paul Molac,1079,1523,2617,0.130683989,0.35009311,4.358166188999999,1.2693409740000001,Paul_Molac,178,11,PS,Parti Socialiste,Gauche,http://pbs.twimg.com/profile_images/646343382399328256/QKY3bHTA_normal.png
Thierry MARIANI,6010,2311,25743,0.034300587,0.353051059,51.96198268,16.85851781,ThierryMARIANI,219,9,LR,Les Républicains,Droite,http://pbs.twimg.com/profile_images/459378465125314560/My5w9tRj_normal.jpeg
reynes bernard,922,2352,1760,0.565909091,0.289587852,2.103816794,0.974045802,bernardreynes,67,0,LR,Les Républicains,Droite,http://pbs.twimg.com/profile_images/431577781/Portrait_Bernard_Reynes_face_normal.jpg
Noel Mamère,1,2378,820,0.0,0.0,15.0,5.0,noelmamere,0,0,EELV,Europe Ecologie Les Verts,Gauche,http://abs.twimg.com/sticky/default_profile_images/default_profile_5_normal.png
Sylviane Bulteau,4599,2379,3537,0.286400905,0.29175807,2.400884956,0.653539823,sylvianebulteau,357,154,PS,Parti Socialiste,Gauche,http://pbs.twimg.com/profile_images/2730581263/22184cf968b28dd34b80eb73b30d6de9_normal.jpeg
Yves Jégo,9492,2361,29620,0.08193788,0.297533562,9.810666667000001,5.577777778,yvesjego,233,42,UDI,Union des Démocrates et Indépendants,Centre,http://pbs.twimg.com/profile_images/706032508136202240/ysxE0qXn_normal.jpg
Gwendal ROUILLARD,2866,1248,3384,0.601654846,0.6838777659999999,3.836666667,1.287777778,G_ROUILLARD,286,11,PS,Parti Socialiste,Gauche,http://pbs.twimg.com/profile_images/2668938562/1f548ed806e9839c3b476b661083f393_normal.jpeg
Christophe Léonard,298,1659,726,0.194214876,0.163265306,1.0162601629999999,0.239837398,Ch_Leonard,16,0,PS,Parti Socialiste,Gauche,http://pbs.twimg.com/profile_images/609847581473120256/NgqEDkXE_normal.jpg
Hervé Pellois,839,1216,1274,0.582417582,0.418660287,0.839506173,0.263374486,HervePellois,53,0,PS,Parti Socialiste,Gauche,http://pbs.twimg.com/profile_images/2796947477/eb8df8777b0b751f7db14656617ee343_normal.png
Geneviève Gaillard,295,1413,1400,0.446428571,0.442906574,1.5341614909999999,0.17391304300000002,gaillard_2014,8,0,PS,Parti Socialiste,Gauche,http://pbs.twimg.com/profile_images/553297132229505024/AaEAhYxU_normal.jpeg
Guillaume Larrivé,3255,2028,9830,0.167548321,0.390697674,21.35063613,7.156743003,GLarrive,346,38,LR,Les Républicains,Droite,http://pbs.twimg.com/profile_images/657950326859911168/qJ7kzGYk_normal.jpg
Arnaud Leroy,4721,1762,3248,0.231834975,0.525208784,2.603908795,1.186970684,ar_leroy,245,42,PS,Parti Socialiste,Gauche,http://pbs.twimg.com/profile_images/1347152497/_MG_0316_c_est_la_bonne_VRAIMENT_square_normal.jpg
sergio coronado,5715,2388,11662,0.158720631,0.18035326899999998,4.903969753999999,2.274480151,sergiocoronado,388,73,EELV,Europe Ecologie Les Verts,Gauche,http://pbs.twimg.com/profile_images/1849176116/IMG_0107_normal.jpg
Chantal GUITTET,776,1493,1725,0.095652174,0.062015504000000006,1.0606060609999999,0.6184573,chantalguittet,63,0,PS,Parti Socialiste,Gauche,http://pbs.twimg.com/profile_images/2708891275/5e00ed9826acabc0e0e19d7264cd9ab2_normal.png
Jean-Louis Roumégas,677,1883,2682,0.15212528,0.286350148,1.6715176719999998,0.37837837799999996,jlroumegas,65,25,EELV,Europe Ecologie Les Verts,Gauche,http://pbs.twimg.com/profile_images/440815370107359232/-62ZXfck_normal.jpeg
Alain LEBOEUF,1527,1440,2426,0.35614179700000004,0.601588352,3.672757475,1.320598007,a_leboeuf,120,29,LR,Les Républicains,Droite,http://pbs.twimg.com/profile_images/557133449933250561/5VFrBcqS_normal.jpeg
Jean-Pierre BLAZY,6,1525,426,0.009389671,0.0,0.0,0.333333333,jpblazy,0,0,PS,Parti Socialiste,Gauche,http://pbs.twimg.com/profile_images/1721334679/Portrait1_normal.JPG
Pascal Canfin,3200,2142,25928,0.031548905,0.406758448,9.827531646,3.0290084389999996,pcanfin,311,6,EELV,Europe Ecologie Les Verts,Gauche,http://pbs.twimg.com/profile_images/671689275356766209/Y6ZboSP9_normal.jpg
Mathieu Hanotin,1334,2203,5615,0.33499554800000003,0.232330827,3.41136141,1.36532811,MathieuHanotin,175,16,PS,Parti Socialiste,Gauche,http://pbs.twimg.com/profile_images/557493306075398144/SmMFMAn5_normal.jpeg
Philippe GOSSELIN,4444,1619,6972,0.085054504,0.35328967899999997,6.9469623920000005,1.741080039,phgosselin,377,64,LR,Les Républicains,Droite,http://pbs.twimg.com/profile_images/638687572068274176/_1ZXTA81_normal.jpg
IsabelleBruneau,1,1501,248,0.10080645199999999,0.0,1.0,0.0,IsabelleBrunea1,0,0,PS,Parti Socialiste,Gauche,http://pbs.twimg.com/profile_images/3188381941/70b3859819395142a77b6c7a368cf904_normal.jpeg
Sylvia PINEL,3321,1655,19742,0.038142032,0.520925808,3.2243547319999997,1.004632694,SylviaPinel,362,33,PRG,Parti Radical de Gauche,Gauche,http://pbs.twimg.com/profile_images/674584423384416256/Aod1-dMV_normal.jpg
Pierre-Yves Le Borgn,689,1994,2048,0.145996094,0.142649199,1.173174873,0.36842105299999994,pyleborgn,54,4,PS,Parti Socialiste,Gauche,http://pbs.twimg.com/profile_images/649535863299440640/tkJtDWzD_normal.png
Elie Aboud,591,1415,3008,1.049202128,0.20033955899999997,5.178343948999999,2.855626327,Elie_ABOUD,53,0,LR,Les Républicains,Droite,http://pbs.twimg.com/profile_images/649157585413742592/ePjasmz__normal.jpg
Jean Louis Gagnaire,11633,2195,3486,0.6026965,0.44279393200000006,1.406693137,1.146908678,JLGagnaire,224,1,PS,Parti Socialiste,Gauche,http://pbs.twimg.com/profile_images/553197432763203584/MH7YQdQM_normal.jpeg
Frédéric Lefebvre,34216,2289,39793,0.05784937,0.9272955190000001,7.172413793,7.155172414,FLefebvre_RF,138,0,LR,Les Républicains,Droite,http://pbs.twimg.com/profile_images/705804836659396608/MPtFaF1G_normal.jpg
Jean-Paul Bacquet,0,2219,362,0.0,0.0,0.0,0.0,jpbacquet,0,0,PS,Parti Socialiste,Gauche,http://abs.twimg.com/sticky/default_profile_images/default_profile_2_normal.png
Philippe BAUMEL,231,2604,867,0.379469435,0.043290043,1.615384615,0.5339366520000001,philippebaumel,27,0,PS,Parti Socialiste,Gauche,http://pbs.twimg.com/profile_images/674896125975920640/BG52NMCN_normal.jpg
Gérard Collomb,5347,2983,50808,0.054361518,0.204887218,23.22458629,11.35185185,gerardcollomb,318,0,PS,Parti Socialiste,Gauche,http://pbs.twimg.com/profile_images/667975700373225473/b5iqCYfl_normal.jpg
Olivier Dassault,1727,1278,2824,0.28399433399999996,0.43047508700000003,3.1841302139999996,1.742624619,ODassault,196,30,LR,Les Républicains,Droite,http://pbs.twimg.com/profile_images/672011382783664128/5xIquUV6_normal.jpg
Catherine Vautrin,2976,1757,10297,0.11139166699999999,0.444558171,2.195331695,0.698402948,CaVautrin,313,12,LR,Les Républicains,Droite,http://pbs.twimg.com/profile_images/665531269359534080/1SwM61Um_normal.jpg
Philippe Gomès,1541,1575,1581,0.08855155,0.834957765,1.267716535,0.094488189,PhilippeGomesCE,80,0,UDI,Union des Démocrates et Indépendants,Centre,http://pbs.twimg.com/profile_images/665788839273762817/i7OTKIR-_normal.jpg
José Bové,2252,2550,46166,0.029588875,0.33901345299999996,17.03324288,4.747625509,josebove,175,0,EELV,Europe Ecologie Les Verts,Gauche,http://pbs.twimg.com/profile_images/580648669130674176/Qt1Dow0o_normal.jpg
Jean-Michel Clément,181,1597,895,0.09273743,0.005524861999999999,1.1944444440000002,0.588888889,jmclement86,25,0,PS,Parti Socialiste,Gauche,http://pbs.twimg.com/profile_images/1818500582/JMC1_normal.jpg
Nora Berra,2086,1922,9382,0.030057557000000002,0.162578163,7.1033888570000006,2.008615738,BerraNora,176,0,LR,Les Républicains,Droite,http://pbs.twimg.com/profile_images/649227336580206592/UF7KyHMa_normal.jpg
Gilles Lurton,1589,1457,2067,0.161103048,0.288328076,1.863475177,0.513297872,gilleslurton,174,27,LR,Les Républicains,Droite,http://pbs.twimg.com/profile_images/681161073899245569/xRs32pPa_normal.png
Philippe Le Ray,976,1396,1224,0.327614379,0.368041237,2.101141925,0.554649266,PhilippeLERAY56,104,5,LR,Les Républicains,Droite,http://pbs.twimg.com/profile_images/665587392380862466/UKGICAdL_normal.jpg
Damien Abad,2547,2352,5816,0.352303989,0.242030697,2.369678089,0.553997923,damienabad,347,4,LR,Les Républicains,Droite,http://pbs.twimg.com/profile_images/2701490113/62df93daae709a7fe91f845c8adc4346_normal.jpeg
Jean Leonetti,2253,1631,16795,0.062875856,0.320427236,13.90307793,3.173542895,JeanLeonetti,191,12,LR,Les Républicains,Droite,http://pbs.twimg.com/profile_images/456001600733986816/VBZhffQO_normal.jpeg
Jean-Michel BAYLET,1264,1716,8741,0.28692369300000004,0.086645469,4.012184508,0.7815491729999999,JMBaylet,118,0,PRG,Parti Radical de Gauche,Gauche,http://pbs.twimg.com/profile_images/703524176116768768/dv_iUmrf_normal.jpg
Valérie Boyer,21515,1794,16503,0.281585166,0.260923458,26.36603774,11.76100629,valerieboyer13,337,35,LR,Les Républicains,Droite,http://pbs.twimg.com/profile_images/668509360797126656/PDje7IL__normal.jpg
Le Loch Annick,1063,1414,2076,0.027456647,0.016949153,0.662835249,0.18295019199999998,annick_leloch,140,0,PS,Parti Socialiste,Gauche,http://pbs.twimg.com/profile_images/2229391614/Copie_de_L_gislatives_2012_0010_normal.jpg
Dominique Le Mèner,1311,1477,1324,0.178247734,0.569678407,1.633451957,0.514234875,lemenerdom,126,3,LR,Les Républicains,Droite,http://pbs.twimg.com/profile_images/378800000742369569/2e0f0dd6fe07c6d9e4c794ccfb44c7ab_normal.jpeg
M-A Carlotti,2402,1626,15292,0.042375098,0.35622317600000003,5.505333332999999,1.341333333,MACarlotti,161,6,PS,Parti Socialiste,Gauche,http://pbs.twimg.com/profile_images/556943699876519936/PznW5oMh_normal.jpeg
DominiquedeVillepin,615,2520,58639,0.002523918,0.024390244,21.42333333,3.0516666669999997,Villepin,56,0,LR,Les Républicains,Droite,http://pbs.twimg.com/profile_images/1770364373/Capture_d_e_cran_2012-01-20_a__23.14.54_normal.png
François Rebsamen,7138,2368,48914,0.039150346,0.43512409700000004,7.38320356,3.081201335,frebsamen,294,112,PS,Parti Socialiste,Gauche,http://pbs.twimg.com/profile_images/700620036700921856/QqTjPK3X_normal.png
Bernard Debré,3444,2225,18929,0.017380739,0.128301887,3.572871573,0.571428571,Bernard_Debre,282,40,LR,Les Républicains,Droite,http://pbs.twimg.com/profile_images/378800000793549114/d12acb9171e321aaae5f80af0f3f3ddd_normal.png
Julien Dray,1582,2484,31241,0.01680484,0.391524352,6.1569646570000005,1.879417879,juliendray,213,0,PS,Parti Socialiste,Gauche,http://pbs.twimg.com/profile_images/607861927948259328/W5Uilxub_normal.jpg
Ericka Bareigts,1574,2504,1851,0.017828201000000002,0.007628735,0.7424727740000001,0.165919283,ebareigts,77,7,PS,Parti Socialiste,Gauche,http://pbs.twimg.com/profile_images/702540127705370624/KJ8ONOdN_normal.jpg
Eduardo RIHAN CYPEL,9274,1682,7399,0.230436545,0.503267974,2.444862155,1.3370927320000001,Rihan_Cypel,281,40,PS,Parti Socialiste,Gauche,http://pbs.twimg.com/profile_images/612639757940719616/bQ9JPhvA_normal.jpg
Bernard Cazeneuve,1269,1551,99475,0.005428499999999999,0.47592738799999995,33.06024096,17.37951807,BCazeneuve,85,8,PS,Parti Socialiste,Gauche,http://pbs.twimg.com/profile_images/480334647155785728/81Qd_OHM_normal.jpeg
Sylvain Berrios,920,2138,1428,0.39355742299999996,0.291028446,1.453703704,0.46759259299999995,sy_berrios,92,3,LR,Les Républicains,Droite,http://pbs.twimg.com/profile_images/527122632807055360/QeipIiHM_normal.jpeg
Claude de Ganay,720,1555,2088,0.41954023,0.320334262,1.245901639,0.375,Cdganay,81,10,LR,Les Républicains,Droite,http://pbs.twimg.com/profile_images/695566081025556480/Psa5F-xe_normal.jpg
Anne Hidalgo,32693,2535,632742,0.02604379,0.553488372,65.51041667,62.79930556,Anne_Hidalgo,215,0,PS,Parti Socialiste,Gauche,http://pbs.twimg.com/profile_images/705664701410230272/5R3QLO4t_normal.jpg
Philippe Duron,12228,1654,3843,0.184491283,0.670795912,0.671683913,0.48635936,PhilippeDuron,254,9,PS,Parti Socialiste,Gauche,http://pbs.twimg.com/profile_images/1565279598/image_normal.jpg
Dominique Potier,647,1524,2649,0.13703284300000002,0.401550388,2.647668394,0.9715025909999999,PotierDominique,90,0,PS,Parti Socialiste,Gauche,http://pbs.twimg.com/profile_images/3776638734/fba9803ec3cbfb9759a6a5b598004ed4_normal.jpeg
Patrice PRAT,800,2220,3304,0.28420096899999997,0.080100125,2.572789116,1.161904762,PatricePrat,84,1,PS,Parti Socialiste,Gauche,http://pbs.twimg.com/profile_images/679942019700142080/sAv_TZap_normal.jpg
Marie Récalde,489,638,910,0.8505494509999999,0.649484536,2.217647059,1.688235294,MarieRecalde,59,22,PS,Parti Socialiste,Gauche,http://pbs.twimg.com/profile_images/473796004265730048/FREpL6TI_normal.jpeg
Joaquim Pueyo,0,1454,323,0.018575851,0.0,0.0,0.0,Joaquim_PUEYO,0,0,PS,Parti Socialiste,Gauche,https://pbs.twimg.com/profile_images/577855288205664256/GXeQTC-9_normal.jpeg
Laurent Fabius,6964,2557,237237,0.0053912330000000005,0.246639575,21.59004149,10.96846473,LaurentFabius,310,37,PS,Parti Socialiste,Gauche,http://pbs.twimg.com/profile_images/665386195325739009/ZkRgqRaV_normal.jpg
Corinne Erhel,2453,1974,4550,0.277582418,0.24499795800000002,1.893996755,0.65657112,c_erhel_deputee,303,32,PS,Parti Socialiste,Gauche,http://pbs.twimg.com/profile_images/3278564572/f8009ed1cde5b1973b778d97b09fc742_normal.jpeg
Barbara Pompili,3565,1519,18882,0.047134837,0.474528302,4.52962298,2.609216038,barbarapompili,354,99,PS,Parti Socialiste,Gauche,http://pbs.twimg.com/profile_images/2100387807/fb_et_twt_normal.jpg
Bernard Accoyer,2456,1779,18604,0.022253278999999997,0.204656863,7.020544427000001,1.245505907,BernardAccoyer,267,21,LR,Les Républicains,Droite,http://pbs.twimg.com/profile_images/1779892574/Phot_BA_normal.jpg
J-P. Chevènement,3802,2421,57372,0.010980966000000002,0.235843186,14.57899023,3.71213355,chevenement,259,0,MRC,Mouvement Républicain et Citoyen,Gauche,http://pbs.twimg.com/profile_images/1695001329/twitter_icon_128x128_normal.jpg
Martine Martinel,3239,1124,1193,0.709974853,0.598646362,1.250421585,0.415682968,MartineMartinel,390,152,PS,Parti Socialiste,Gauche,http://pbs.twimg.com/profile_images/3378228032/0467d5fd5b8c10d4847560c2c4f45239_normal.jpeg
Guy Chambefort,4883,2047,1243,0.125502816,0.000615953,0.145454545,0.029583975,guychambefort,75,0,PS,Parti Socialiste,Gauche,http://pbs.twimg.com/profile_images/1093933425/GCTWT_v2_normal.jpg
Philippe Houillon,677,1205,1621,0.144355336,0.042899408,5.760432767,1.329211747,PHouillon,123,10,LR,Les Républicains,Droite,http://pbs.twimg.com/profile_images/567728914345115650/BodSA7u0_normal.jpeg
Philippe Folliot,2666,2198,3268,0.03121175,0.033395872,1.6715838509999998,0.368012422,philippefolliot,234,19,UDI,Union des Démocrates et Indépendants,Centre,http://pbs.twimg.com/profile_images/669619813799567360/ptV1iHFT_normal.jpg
Sonia Lagarde,58,1232,1039,0.16169393599999998,0.321428571,3.315789474,1.105263158,SoniaLagarde,1,0,UDI,Union des Démocrates et Indépendants,Centre,http://pbs.twimg.com/profile_images/430510482772881408/dJj5qDF__normal.jpeg
Rama Yade,1264,2674,49253,0.002030333,0.551751592,32.0,12.28063943,ramayade,101,0,UDI,Union des Démocrates et Indépendants,Centre,http://pbs.twimg.com/profile_images/549204172143206400/NY7bNHlA_normal.jpeg
Dominique Dord,871,1771,3559,0.030907557999999998,0.027586207,1.673758865,0.423167849,DominiqueDord,83,0,LR,Les Républicains,Droite,http://pbs.twimg.com/profile_images/1327851934/Capture_d__cran_2011-04-26___11.09.50_normal.png
Dominique Bertinotti,1208,2522,24492,0.030295607000000002,0.188538206,8.733879222,2.040941658,DBertinotti,114,8,PS,Parti Socialiste,Gauche,http://pbs.twimg.com/profile_images/436453483701497856/d3VQOflV_normal.jpeg
Paul Giacobbi,2450,1477,5341,0.026774012000000003,0.33647155100000004,2.817396669,1.051819864,pgiacobbi,195,2,PRG,Parti Radical de Gauche,Gauche,http://pbs.twimg.com/profile_images/2373031647/oz008teb5sz4jtsoab9u_normal.jpeg
Sophie_Dion,1329,2140,2733,0.233077205,0.07942511299999999,1.431388661,0.48644207100000003,SophieDion74,137,1,LR,Les Républicains,Droite,http://pbs.twimg.com/profile_images/625279373617287168/N1fDSL4__normal.jpg
François Baroin,381,2273,71343,0.00262114,0.11023622,16.63126844,6.442477876,francoisbaroin,48,0,LR,Les Républicains,Droite,http://pbs.twimg.com/profile_images/2211489270/babar_normal.jpg
Eric Straumann,125,2431,1714,0.14294049,0.18852459,1.0909090909999999,0.666666667,ericstraumann,10,6,LR,Les Républicains,Droite,http://pbs.twimg.com/profile_images/666921466873663488/X0fXNaB7_normal.jpg
Christian ECKERT,915,2221,4854,0.017511331,0.04814004400000001,3.491954023,0.935632184,CECKERT56,92,21,PS,Parti Socialiste,Gauche,http://pbs.twimg.com/profile_images/699272591949893632/Hvb4GXnu_normal.jpg
Franck Riester,1926,1577,23971,0.04634767,0.300156331,10.97840655,4.083395383,franckriester,254,11,LR,Les Républicains,Droite,http://pbs.twimg.com/profile_images/677051238597398529/-5VAN4XU_normal.jpg
Daniel Vaillant,477,1468,3659,0.19786827,0.435789474,2.507462687,0.76119403,danielvaillant,46,0,PS,Parti Socialiste,Gauche,http://pbs.twimg.com/profile_images/2245597862/Vincennes_DV_normal.jpg
Michel VERGNIER,252,1556,997,0.118355065,0.270916335,1.0983606559999999,0.169398907,MichelVERGNIER,26,0,PS,Parti Socialiste,Gauche,http://pbs.twimg.com/profile_images/1662541217/1585999_3_4f57_martine-aubry-a-saint-sulpice-le-gueretois-le_normal.jpg
Jean-François Lamour,2042,1517,9174,0.039895356,0.38853188299999997,5.103476152,1.158447858,JF_Lamour,249,10,LR,Les Républicains,Droite,http://pbs.twimg.com/profile_images/1736860396/photopoureditoabcdaire_normal.jpg
Gilles Artigues,4183,1444,1544,0.472797927,0.008711886,0.693345888,0.295354677,ArtiguesGilles,247,0,UDI,Union des Démocrates et Indépendants,Centre,http://pbs.twimg.com/profile_images/2263053648/gilles_Artigues_2012_compress__normal.jpg
frederique massat,3374,1910,2132,0.25891182,0.257339163,0.558452481,0.21404541600000002,Fmassat09,371,43,PS,Parti Socialiste,Gauche,http://pbs.twimg.com/profile_images/692586627382677505/Dc3bkvca_normal.jpg
Jean-Louis Destans,411,1311,1053,0.24311491,0.073170732,0.65,0.236842105,JLDestans,31,0,PS,Parti Socialiste,Gauche,http://pbs.twimg.com/profile_images/2448569112/jean-louis-destans_normal.jpg
Pouria Amirshahi,7846,1701,15102,0.082969143,0.602756892,10.86041009,5.119085173999999,PouriaAmirshahi,260,20,PS,Parti Socialiste,Gauche,http://pbs.twimg.com/profile_images/664463828487413760/d04vZvWA_normal.jpg
Fanélie Carrey-Conte,3057,1366,4100,0.161707317,0.427726675,3.7141216989999997,1.252009185,FCarreyConte,337,45,PS,Parti Socialiste,Gauche,http://pbs.twimg.com/profile_images/378800000104996047/07a16e5ef55ae0944229ef551b3e013c_normal.jpeg
Alain Rousset,9699,1503,9823,0.34806067399999996,0.753870458,16.03209243,6.111681643,al_rousset,784,11,PS,Parti Socialiste,Gauche,http://pbs.twimg.com/profile_images/672406382218502145/IjU_BluZ_normal.jpg
O. Audibert-Troin,1179,1517,1941,0.132921175,0.24787775899999998,1.466139955,0.391647856,olivieraudibert,162,15,LR,Les Républicains,Droite,http://pbs.twimg.com/profile_images/685441431696195584/GEZVZ9pn_normal.jpg
Patrick Kanner,3143,1114,15778,0.178666498,0.40758444899999996,11.93921463,6.1845078,PatrickKanner,240,17,PS,Parti Socialiste,Gauche,http://pbs.twimg.com/profile_images/673796476221411332/l7I-RMXe_normal.jpg
JALTON Eric,339,1426,1313,0.168316832,0.160237389,0.36042402799999995,0.123674912,EricJALTON,38,0,DIVERSGAUCHE,Divers Gauche,Gauche,http://pbs.twimg.com/profile_images/451631732370862080/gGP_pAq0_normal.jpeg
Thomas Thévenoud,194,1238,3820,0.380104712,0.19587628899999998,12.58974359,3.173076923,tthevenoud,28,1,PRG,Parti Radical de Gauche,Gauche,http://pbs.twimg.com/profile_images/378800000837193701/92f1f27b4a86df653959e92164ce44b5_normal.jpeg
gilbertlebris,1107,1476,1616,0.27042079199999997,0.230699364,0.6812278629999999,0.319952774,gilbertlebris,81,1,PS,Parti Socialiste,Gauche,http://pbs.twimg.com/profile_images/2890964883/e837034bd2704d413af38e3335b8f4be_normal.jpeg
Agnès Canayer,248,1002,548,0.313868613,0.87854251,2.233333333,1.3,ACanayer,34,3,LR,Les Républicains,Droite,http://pbs.twimg.com/profile_images/555481656468209665/fo7zloaH_normal.jpeg
Colette Capdevielle,5356,1493,6534,1.03412917,0.541797612,2.932098765,1.810699588,c_capdevielle,372,26,PS,Parti Socialiste,Gauche,http://pbs.twimg.com/profile_images/563740883011391488/B1QYiEBt_normal.jpeg
Arnaud Richard,2707,2164,6280,0.49570063700000006,0.09881129300000001,1.323165705,0.580379225,ArnaudRichard_,318,0,UDI,Union des Démocrates et Indépendants,Centre,http://pbs.twimg.com/profile_images/703603433933316101/6ZFVcLYK_normal.jpg
MOREL A L'HUISSIER,2242,2219,2320,0.6689655170000001,0.11354492599999999,1.3565305090000002,0.374180535,MORELPIERRE,186,0,LR,Les Républicains,Droite,http://pbs.twimg.com/profile_images/493065871708139520/s2QHYPfh_normal.jpeg
JEAN-CLAUDE BOUCHET,65,1911,660,0.034848485,0.046153846,0.20967741899999998,0.064516129,JCBOUCHET,6,0,LR,Les Républicains,Droite,http://pbs.twimg.com/profile_images/1749906577/370097_1266365092_752136117_n_normal.jpg
Luc BELOT,6643,2305,4675,0.41197861,0.442709959,3.278431373,1.732212885,LucBELOT,298,22,PS,Parti Socialiste,Gauche,http://pbs.twimg.com/profile_images/639083108877377536/w3PD3Oen_normal.jpg
François VANNSON,155,1398,675,0.042962963,0.0,0.6,0.322580645,fvannson,16,0,LR,Les Républicains,Droite,http://pbs.twimg.com/profile_images/2190399106/twitter_normal.jpg
Marion Le Pen,4050,1453,114752,0.00666655,0.528208308,162.8666229,101.40801579999999,Marion_M_Le_Pen,324,0,FN,Front National,Extrême-Droite,http://pbs.twimg.com/profile_images/660033932566499328/bHLlcH-P_normal.jpg
Marc Le Fur,2009,2221,7178,0.21872387899999998,0.229458918,7.400520156000001,2.269830949,marclefur,184,8,LR,Les Républicains,Droite,http://pbs.twimg.com/profile_images/564077277898473473/Q1nDfZku_normal.jpeg
Henri de Raincourt,456,1177,1396,0.312320917,0.488888889,4.3,2.02173913,HdeRaincourt,44,0,LR,Les Républicains,Droite,http://pbs.twimg.com/profile_images/539867729872687104/aLsLrfdy_normal.jpeg
STEPHANE TRAVERT,7815,1615,2810,0.393594306,0.576649117,2.848573519,0.8902706659999999,StTRAVERT,415,106,PS,Parti Socialiste,Gauche,http://pbs.twimg.com/profile_images/576817554276130816/dmsi8L8X_normal.jpeg
Sandrine Mazetier,6345,2263,18008,0.084462461,0.505125815,6.300690521,3.46264909,S_Mazetier,431,46,PS,Parti Socialiste,Gauche,http://pbs.twimg.com/profile_images/672022701859557376/0doIRDRR_normal.jpg
Edouard Philippe,1734,1135,9445,0.073795659,0.528621495,8.433705081,4.923172243,EPhilippe_LH,149,5,LR,Les Républicains,Droite,http://pbs.twimg.com/profile_images/671442156557623296/kL5mh5I4_normal.jpg
Jean-Philippe MALLÉ,231,1266,652,0.424846626,0.34199134200000003,1.302631579,0.19736842100000002,JpmMALLE,39,5,PS,Parti Socialiste,Gauche,http://pbs.twimg.com/profile_images/2605790982/v461wajd9mpaernyvq9v_normal.jpeg
Thierry Mandon,1453,1535,12336,0.056501297,0.438413361,9.183395291,3.696406444,mandonthierry,125,0,PS,Parti Socialiste,Gauche,http://pbs.twimg.com/profile_images/667745298480037888/KV0fccPt_normal.png
Jacques Cheminade,4964,2102,3214,0.026757934,0.42310106700000005,3.77312296,0.49564744299999997,JCheminade,363,0,AUTRE,Autre,Autre,http://pbs.twimg.com/profile_images/2511020171/orf7onnkacicyn8odg26_normal.jpeg
Daniel Fasquelle,3009,1812,5413,0.043414003,0.34510326399999997,10.43489318,4.097151577,DFasquelle,308,47,LR,Les Républicains,Droite,http://pbs.twimg.com/profile_images/534000515600769024/1bNhuONX_normal.jpeg
Michel Zumkeller,284,1534,1946,0.43627954799999996,0.053380783,1.609022556,0.413533835,MichelZumkeller,21,0,UDI,Union des Démocrates et Indépendants,Centre,http://pbs.twimg.com/profile_images/1750165150/_89K0519_normal.jpg
Pierre Morange,28,1861,661,0.0,0.0,0.428571429,0.107142857,PierreMorange,0,0,LR,Les Républicains,Droite,http://pbs.twimg.com/profile_images/1226552330/pierre-morangefb_normal.jpg
Bertrand Delanoë,1237,3108,71989,0.012474128000000001,0.325448613,23.024183800000003,6.325272067999999,BertrandDelanoe,101,0,PS,Parti Socialiste,Gauche,http://pbs.twimg.com/profile_images/32107672/picturebdtp_normal.jpg
Sophie Dessus,297,1385,2888,0.175900277,0.373737374,1.9892473119999998,0.446236559,SophieDessus,49,16,PS,Parti Socialiste,Gauche,http://pbs.twimg.com/profile_images/554560608134103040/eNtvb5Ku_normal.jpeg
Xavier Bertrand,3958,2674,69161,0.018825638999999998,0.220783225,24.89236249,10.07043926,xavierbertrand,281,9,LR,Les Républicains,Droite,http://pbs.twimg.com/profile_images/604328141369270272/xtLGoMpu_normal.png
Philippe Doucet,5758,2764,5016,0.239832536,0.293209877,3.080786026,1.1930131000000002,pdoucet,427,79,PS,Parti Socialiste,Gauche,http://pbs.twimg.com/profile_images/692376597253525504/ALEm_3M1_normal.jpg
Delphine Batho,2726,1819,54301,0.029502219,0.385493373,11.35769922,2.1216297180000003,delphinebatho,313,7,PS,Parti Socialiste,Gauche,http://pbs.twimg.com/profile_images/3047821907/5e561c6625df0cadfd9bc800c0de9673_normal.jpeg
Julie SOMMARUGA,113,1206,1723,0.544979687,0.36283185799999995,7.777777778,1.5416666669999999,JulieSOMMARUGA,21,0,PS,Parti Socialiste,Gauche,http://pbs.twimg.com/profile_images/3188794614/6feef8c49382f628df6e3479272af3f8_normal.jpeg
MARTINE,1985,1447,2632,0.7636778120000001,0.335549872,0.7921478059999999,0.250192456,Lignierescassou,168,38,PS,Parti Socialiste,Gauche,http://pbs.twimg.com/profile_images/676400013434593280/cLyzZ_DW_normal.jpg
Thierry SOLERE,9507,2200,12052,0.25315300399999996,0.7610373570000001,12.04005168,6.645994832,solere92,238,10,LR,Les Républicains,Droite,http://pbs.twimg.com/profile_images/2585122385/image_normal.jpg
C. de Rocca Serra,398,1205,1606,0.09464508099999999,0.36111111100000004,2.3992094859999997,0.9328063240000001,CdeRoccaSerra,42,6,LR,Les Républicains,Droite,http://pbs.twimg.com/profile_images/653603144480505856/Myj9mrPK_normal.jpg
Anne Grommerch,991,1535,2463,0.131952903,0.362333675,2.367576244,0.786516854,AnneGrommerch,84,18,LR,Les Républicains,Droite,http://pbs.twimg.com/profile_images/1701859400/1_annetwitter2_normal.JPG
Dominique Gillot,319,1507,625,0.3792,0.489028213,1.4233128830000001,0.8282208590000001,DominiqueGillot,39,0,PS,Parti Socialiste,Gauche,http://pbs.twimg.com/profile_images/706785310781403137/GOzdhqOr_normal.jpg
Éric Alauzet,1289,1255,2290,0.265502183,0.120188531,0.851785714,0.27678571399999996,ericalauzet,148,29,EELV,Europe Ecologie Les Verts,Gauche,http://pbs.twimg.com/profile_images/2666197372/a5211efd411998a0c5f22b1cd545fb8c_normal.png
Pascal Cherki,4489,1578,8859,0.096173383,0.5068792999999999,5.151553583,2.192136969,pascalcherki,326,0,PS,Parti Socialiste,Gauche,http://pbs.twimg.com/profile_images/618716777992876033/2ALzTlad_normal.jpg
JC Lagarde,3203,1653,66976,0.031145485,0.32337213,23.971641100000003,8.816364482000001,jclagarde,257,0,UDI,Union des Démocrates et Indépendants,Centre,http://pbs.twimg.com/profile_images/670928359581466624/B55_t0Zs_normal.jpg
Daniel Gibbs,311,1718,333,0.24924924899999998,0.07792207799999999,0.309859155,0.07394366200000001,GIBBS_SXM,23,0,LR,Les Républicains,Droite,http://pbs.twimg.com/profile_images/653954849407635456/HekVkn0l_normal.jpg
Reynaud Marie-Line,192,1475,978,0.049079755,0.192708333,0.335483871,0.064516129,MLReynaud16,29,0,PS,Parti Socialiste,Gauche,http://pbs.twimg.com/profile_images/2246344017/affiche_ml_reynaud_normal.png
Franck Reynier,1531,2332,2331,0.167739168,0.07777777799999999,0.5776045360000001,0.101346563,FranckReynier,68,2,UDI,Union des Démocrates et Indépendants,Centre,http://pbs.twimg.com/profile_images/707492988344111104/V1eWz-3-_normal.jpg
Martine Faure,257,2544,660,0.095454545,0.027237354,0.188,0.04,MartineFaure,22,0,PS,Parti Socialiste,Gauche,http://pbs.twimg.com/profile_images/715915842/martine_normal.JPG
Olivier Faure,2682,1939,16435,0.078125951,0.43928036,10.99264706,3.820855615,faureolivier,310,25,PS,Parti Socialiste,Gauche,http://pbs.twimg.com/profile_images/1991332158/profil_OF_normal.jpg
Philippe Goujon,2783,2430,8568,0.072712418,0.5798226160000001,5.248900616,1.488126649,Philippe_Goujon,287,23,LR,Les Républicains,Droite,http://pbs.twimg.com/profile_images/301665727/n1397502930_5663_normal.jpg
Jean Francois Mancel,2561,1574,3157,0.137155527,0.065310911,6.315062762,1.277824268,JFMancel,298,0,LR,Les Républicains,Droite,http://pbs.twimg.com/profile_images/1633368967/jfmancel_normal.jpg
François Bayrou,2718,2673,439762,0.004959501,0.21273463399999998,31.91538102,10.72417017,bayrou,313,0,MODEM,Mouvement Démocrate,Centre,http://pbs.twimg.com/profile_images/675374149993414656/rkyol50b_normal.jpg
Jean Grellier,33,1386,597,0.043551089,0.0,0.9090909090000001,0.03030303,Jean_Grellier,2,0,PS,Parti Socialiste,Gauche,http://pbs.twimg.com/profile_images/2222853578/Jean_AN_normal.jpg
Marine Le Pen,9893,1929,935219,0.003599157,0.056193729000000005,153.8601974,118.55592109999999,MLP_officiel,439,0,FN,Front National,Extrême-Droite,http://pbs.twimg.com/profile_images/676815560139763712/WhHu-FMS_normal.jpg
Axelle Lemaire,5478,2201,114508,0.042555979,0.26608369800000004,22.62680851,12.62893617,axellelemaire,274,4,PS,Parti Socialiste,Gauche,http://pbs.twimg.com/profile_images/687191559469678592/LBcIrDWW_normal.jpg
Elisabeth Guigou,2001,2225,32758,0.006960132,0.13920881300000001,5.253054101,1.9866201280000002,elisabethguigou,195,11,PS,Parti Socialiste,Gauche,http://pbs.twimg.com/profile_images/543744486170705920/nR2gPncg_normal.jpeg
Catherine LEMORTON,432,1450,5790,0.41796200299999997,0.258823529,5.60952381,1.60952381,CathLEMORTON,41,0,PS,Parti Socialiste,Gauche,http://pbs.twimg.com/profile_images/539483072547151872/uVGdgXxo_normal.jpeg
Eric Besson,737,398,2202,0.051316985,0.21477428199999998,5.137630662,3.168989547,EricBessonFr,52,0,LR,Les Républicains,Droite,http://pbs.twimg.com/profile_images/560852833600147457/wA804kYc_normal.jpeg
Henri Jibrayel,1453,1814,2421,0.07187112799999999,0.149068323,0.8994322790000001,0.43227899399999997,henrijibrayel,72,1,PS,Parti Socialiste,Gauche,http://pbs.twimg.com/profile_images/520868909449486337/fimyPOL-_normal.jpeg
Edouard Courtial,1219,2275,4278,0.127863488,0.25144270399999996,7.8292951539999995,3.920704846,EdouardCourtial,95,23,LR,Les Républicains,Droite,http://pbs.twimg.com/profile_images/672055999793098752/vSTEA1mi_normal.jpg
Guy-Michel Chauveau,514,1388,1028,0.379377432,0.45401174200000005,1.637992832,0.39784946200000004,GMChauveau,47,2,PS,Parti Socialiste,Gauche,http://pbs.twimg.com/profile_images/506441832889212928/SNVmVx5A_normal.jpeg
Nicolas Sarkozy,7211,1480,1158070,0.013757372,0.145736434,264.10054449999996,143.6319419,NicolasSarkozy,489,0,LR,Les Républicains,Droite,http://pbs.twimg.com/profile_images/690492582900543488/EEUI6AvL_normal.png
Guy Teissier,1894,1398,3588,0.054069119000000006,0.318036286,3.7456964010000005,0.719874804,guyteissier,225,14,LR,Les Républicains,Droite,http://pbs.twimg.com/profile_images/628205166676852736/ahCZU8KK_normal.jpg
Lionel TARDY,13755,2355,28741,0.052225044000000005,0.201863354,5.237354086,1.468871595,DeputeTardy,389,29,LR,Les Républicains,Droite,http://pbs.twimg.com/profile_images/465536315849580544/KAJnlmqx_normal.jpeg
Olivier Besancenot,2194,1204,11702,0.018287472,0.009124088,5.9981583789999995,3.6367403310000004,olbesancenot,173,0,NPA,Nouveau Parti Anticapitaliste,Extrême-Gauche,http://pbs.twimg.com/profile_images/2848540227/b09c3fd7ec7d1be7d35c1de3f16c21ac_normal.jpeg
DanièleHoffmanRispal,539,1567,2812,0.397226174,0.402255639,2.0094339619999997,0.37106918200000005,Dhoffmanrispal,79,0,PS,Parti Socialiste,Gauche,http://pbs.twimg.com/profile_images/378800000044169757/f3ac4602d65384f515beb0bac7ddc219_normal.jpeg
Etienne BLANC,1085,1470,2544,0.301886792,0.49109653200000003,3.594843462,0.637200737,blanc_etienne,111,7,LR,Les Républicains,Droite,http://pbs.twimg.com/profile_images/666272114454994944/8pRbjanL_normal.jpg
Daniel Cohn-Bendit,131,2550,82818,0.001304064,0.17557251899999998,10.83333333,6.3888888889999995,danycohnbendit,19,0,EELV,Europe Ecologie Les Verts,Gauche,http://pbs.twimg.com/profile_images/483277237840400384/KUFZktQB_normal.jpeg
Alain Juppé,6788,1830,313261,0.012267726000000001,0.32665639399999996,63.83890160000001,40.05308924,alainjuppe,445,0,LR,Les Républicains,Droite,http://pbs.twimg.com/profile_images/667015051128274945/uY_ZDR6E_normal.jpg
Michel Barnier,2688,2660,34350,0.05202329,0.223797091,9.38779433,2.324843825,MichelBarnier,252,0,LR,Les Républicains,Droite,http://pbs.twimg.com/profile_images/527858185332219904/F-mne13a_normal.jpeg
cottel jean jacques,670,1235,820,1.5621951219999999,0.0,0.144776119,0.11641791,cotteljj,30,0,PS,Parti Socialiste,Gauche,http://pbs.twimg.com/profile_images/2716167615/2be2cbf5281c0135043847f367d2924d_normal.jpeg
Michel Pouzol,724,2382,3299,0.112761443,0.49792531100000004,2.2561983469999998,0.9889807159999999,MichelPouzol,57,0,PS,Parti Socialiste,Gauche,http://pbs.twimg.com/profile_images/378800000518549559/e0693f43a9212c6613b5b3a0a5eca821_normal.jpeg
Jérôme Guedj,6257,2533,14314,0.082366914,0.116931712,5.314265537,2.338983051,JeromeGuedj,283,0,PS,Parti Socialiste,Gauche,http://pbs.twimg.com/profile_images/562227217363902466/FljGRMtC_normal.jpeg
Carole Delga,2912,1455,11432,0.10593072099999999,0.309040908,12.71044776,6.089552239,CaroleDelga,323,2,PS,Parti Socialiste,Gauche,http://pbs.twimg.com/profile_images/668571311388626944/w1k4SIpc_normal.jpg
Marie-Hélène Fabre,341,1468,900,0.281111111,0.563049853,0.42281879200000005,0.24832214800000002,MHFabre,35,34,PS,Parti Socialiste,Gauche,http://pbs.twimg.com/profile_images/468803338050355201/-O3H0wur_normal.jpeg
I.Le Callennec,1815,1786,3738,0.10058855,0.020385675,4.465691789,1.266029246,lecallennec,186,0,LR,Les Républicains,Droite,http://pbs.twimg.com/profile_images/682922224211378176/due_aAPK_normal.jpg
Dominique Bussereau,4733,2421,20199,0.12312490699999999,0.659793814,10.19559229,3.640955005,Dbussereau,307,45,LR,Les Républicains,Droite,http://pbs.twimg.com/profile_images/637706919336116226/RvHZ_du8_normal.jpg
Elisabeth LAMURE,388,1050,1255,0.36892430299999995,0.401554404,3.238095238,0.926406926,LamureE,53,0,LR,Les Républicains,Droite,http://pbs.twimg.com/profile_images/3533940515/4e10c63a13974eb8542b83885abf4433_normal.png
Razzy Hammadi,8968,2410,22474,0.402776542,0.5367898170000001,8.854557641,2.414879357,RHammadi,306,16,PS,Parti Socialiste,Gauche,http://pbs.twimg.com/profile_images/1791769866/image_normal.jpg
Corinne Lepage,13481,2513,68030,0.079317948,0.7713481390000001,14.24487004,8.488372092999999,corinnelepage,180,2,LRC-CAP21,Le Rassemblement Citoyen - CAP21,Centre,http://pbs.twimg.com/profile_images/3494379223/c0351c32f7b0da17c06630c937f9b16d_normal.jpeg
Philippe Cochet,628,1536,4096,0.36279296899999997,0.1968,5.368525896,1.189243028,PhilippeCochet,42,6,LR,Les Républicains,Droite,http://pbs.twimg.com/profile_images/523152386571776000/yiXAUJSJ_normal.jpeg
Fournier-Armand,367,1495,531,0.20903954800000002,0.125340599,0.763239875,0.17445482899999998,fournier_armand,50,0,PS,Parti Socialiste,Gauche,http://pbs.twimg.com/profile_images/1785668335/Capture_d_e_cran_2012-01-27_a__21.50.41_normal.png
Michel LEFAIT Député,178,2320,980,0.391836735,0.20338983100000002,0.6028368789999999,0.312056738,MLEFAIT,14,0,PS,Parti Socialiste,Gauche,http://pbs.twimg.com/profile_images/3419784253/4cc131a971e108f9d27a0f98426bb21d_normal.jpeg
Maurice Leroy,9145,2436,6028,0.084439283,0.805641662,4.405103668,2.250398724,MauriceLeroy,319,0,UDI,Union des Démocrates et Indépendants,Centre,http://pbs.twimg.com/profile_images/591502805497618433/I21xY5ay_normal.jpg
Martine Pinville,841,1237,3556,0.251124859,0.679380215,11.97769517,5.63197026,MartinePinville,88,2,PS,Parti Socialiste,Gauche,http://pbs.twimg.com/profile_images/676884169868353536/2aBmYB3P_normal.jpg
Ch. Pirès Beaune,953,1208,1023,0.31769306,0.483597884,1.395491803,0.567622951,cpiresbeaune,146,5,PS,Parti Socialiste,Gauche,http://pbs.twimg.com/profile_images/2830834655/0ee38050a206a1c7413c6dea7d58ce0f_normal.png
Matthias Fekl,1127,2697,8946,0.130672926,0.267080745,7.342615012,3.973365617,MatthiasFekl,106,4,PS,Parti Socialiste,Gauche,http://pbs.twimg.com/profile_images/695217556454559744/dluM9YGm_normal.jpg
Gilles Carrez,536,1460,3667,0.062994273,0.657303371,3.076502732,0.841530055,GillesCarrez,79,7,LR,Les Républicains,Droite,http://pbs.twimg.com/profile_images/615836819658289152/XTB7cci2_normal.jpg
Arnaud Robinet,4179,2318,14461,0.024410482999999997,0.45555204,6.370133643,3.176641488,ArnaudRobinet,220,9,LR,Les Républicains,Droite,http://pbs.twimg.com/profile_images/456110707625320448/HYcLyR9u_normal.jpeg
Jean-Luc Bleunven,891,1415,1900,0.341578947,0.329954955,1.752941176,0.487394958,JeanLucBleunven,57,1,PS,Parti Socialiste,Gauche,http://pbs.twimg.com/profile_images/2203809010/jlb4_normal.JPG
Nadine Morano,12625,1568,152446,0.008835916,0.49233656600000003,44.70240296,22.41158349,nadine__morano,264,8,LR,Les Républicains,Droite,http://pbs.twimg.com/profile_images/434272818201497600/r85ViTYs_normal.jpeg
Thierry Braillard,3884,1674,16593,0.08045561400000001,0.665110489,13.01765799,6.984200743,Th_Braillard,276,8,PRG,Parti Radical de Gauche,Gauche,http://pbs.twimg.com/profile_images/668731935418662912/wxFpdk42_normal.jpg
J-C Fromantin,3989,2506,14803,0.04924677400000001,0.317800559,9.418943534,2.679872495,JCFromantin,281,4,UDI,Union des Démocrates et Indépendants,Centre,http://pbs.twimg.com/profile_images/671691135601934340/xo_ihh3A_normal.jpg
Jean-Pierre Raffarin,8095,1654,119463,0.005633543,0.58289104,16.73203593,8.362275449,jpraffarin,265,0,LR,Les Républicains,Droite,http://pbs.twimg.com/profile_images/464393744863985664/CWpK9EjW_normal.jpeg
MARLEIX Alain,23,1574,650,0.056923077,0.0,0.17391304300000002,0.17391304300000002,MARLEIXAlain,0,0,LR,Les Républicains,Droite,http://pbs.twimg.com/profile_images/1631994750/MArleix__Conseil_G_n_ral_normal.JPG
Yamina Benguigui,1524,1716,16929,0.06302794,0.526038233,6.069541029,1.7788595269999998,YaminaBenguigui,151,1,DIVERSGAUCHE,Divers Gauche,Gauche,http://pbs.twimg.com/profile_images/378800000723151205/e678475c2e3a3e5b5dab550ac9acd222_normal.jpeg
Pierre Moscovici,6932,2525,158936,0.051158957000000005,0.428615385,15.1448573,8.059235326,pierremoscovici,318,0,PS,Parti Socialiste,Gauche,http://pbs.twimg.com/profile_images/432173201209438208/acnt2uKi_normal.jpeg
Élisabeth Pochon,3236,1552,2356,0.278862479,0.72503888,0.938914027,0.563348416,ElisabethPochon,509,128,PS,Parti Socialiste,Gauche,http://pbs.twimg.com/profile_images/1776587476/copie_r_duite_net_photo_camp_normal.jpg
Guy DELCOURT,8021,1453,2955,0.781387479,0.43926685299999996,1.2310249309999999,0.996121884,Guy_Delcourt,326,44,PS,Parti Socialiste,Gauche,http://pbs.twimg.com/profile_images/690788975871709184/mQ-4-rws_normal.jpg
Jean-Marie Beffara,691,1483,896,0.29352678600000004,0.35319767399999996,0.871910112,0.442696629,jmbeffara,89,17,PS,Parti Socialiste,Gauche,http://pbs.twimg.com/profile_images/545594768651079681/0mmEz8ig_normal.png
Marc Laffineur,1151,1586,4615,0.142795233,0.322524102,5.023285898999999,0.8395860279999999,Marclaffineur,103,8,LR,Les Républicains,Droite,http://pbs.twimg.com/profile_images/1636844296/image_normal.jpg
Georges FENECH,1679,1604,4687,0.319820781,0.44344163700000006,9.775135135,2.5491891890000002,GeorgesFENECH,223,41,LR,Les Républicains,Droite,http://pbs.twimg.com/profile_images/665300028047540226/0M23Bfhl_normal.jpg
GiseleBiemouret,830,1204,943,0.399787911,0.102781137,1.014824798,0.291105121,GiseleBiemouret,51,8,PS,Parti Socialiste,Gauche,http://pbs.twimg.com/profile_images/2848589633/2fa0ea568add8b3ccfd17d30b2fbef96_normal.jpeg
Sandrine Hurel,237,1434,2268,0.158730159,0.13135593199999998,1.863414634,0.556097561,sandrinehurel,21,0,PS,Parti Socialiste,Gauche,http://pbs.twimg.com/profile_images/2582241661/uf2wyzzalt66lqn1zlva_normal.jpeg
Michel Vauzelle,1783,2455,9563,0.06650632599999999,0.22878021399999998,2.9948979589999998,1.104227405,Vauzelle,151,1,PS,Parti Socialiste,Gauche,http://pbs.twimg.com/profile_images/468418398343294977/8Dr6XwJ7_normal.jpeg
Kader Arif,461,2542,5755,0.032493483999999996,0.20043573,6.114441417,2.234332425,kaderarif,36,16,PS,Parti Socialiste,Gauche,http://pbs.twimg.com/profile_images/516551063831183362/MildO0ZV_normal.jpeg
Michèle Alliot-Marie,1508,2103,22415,0.047022083,0.118508655,9.870845921,4.613293051,MAlliotMarie,108,0,LR,Les Républicains,Droite,http://pbs.twimg.com/profile_images/705061275609538560/ypo85iM2_normal.jpg
Sophie Errante,581,1423,2267,0.444640494,0.241319444,0.828375286,0.288329519,SophieErrante,39,8,PS,Parti Socialiste,Gauche,http://pbs.twimg.com/profile_images/2402162725/ut0vexyfajwgrxyfhbl3_normal.jpeg
Estelle GRELIER,3634,2234,3405,0.265491924,0.389339152,0.565084227,0.258295048,estellegrelier,315,0,PS,Parti Socialiste,Gauche,http://pbs.twimg.com/profile_images/701884324937908224/xd3AVixb_normal.jpg
Pierre Lellouche,416,1474,10558,0.103523395,0.23671497600000002,11.03481013,2.9335443039999998,LellouchePierre,29,18,LR,Les Républicains,Droite,http://pbs.twimg.com/profile_images/1836751406/lellouche-rt_normal.jpg
Philip Cordery,2774,2535,3962,0.594901565,0.313384113,2.330163761,0.711568938,PhilipCordery,293,9,PS,Parti Socialiste,Gauche,http://pbs.twimg.com/profile_images/1813844757/PC_normal.jpg
Valérie Rabault,1916,1532,5758,0.18878082699999998,0.468700684,2.4158415840000003,0.795049505,Valerie_Rabault,179,0,PS,Parti Socialiste,Gauche,http://pbs.twimg.com/profile_images/1706689356/Photo_1_Valerie_Rabault_normal.png
Jacques Kossowski,878,1516,1959,0.063808065,0.220823799,2.127753304,0.509544787,jakossowski,78,3,LR,Les Républicains,Droite,http://pbs.twimg.com/profile_images/608180404286320640/3bpL0kpq_normal.jpg
Jean-Luc Mélenchon,14324,2337,727746,0.007017558,0.082895144,77.67318718,39.28060708,JLMelenchon,157,0,PG,Parti de Gauche,Extrême-Gauche,http://pbs.twimg.com/profile_images/698040226913067008/7OVDy_pn_normal.jpg
Christophe Bouillon,1531,1759,3328,0.21634615399999998,0.325213957,1.9073170730000002,0.282926829,Chris_Bouillon,138,0,PS,Parti Socialiste,Gauche,http://pbs.twimg.com/profile_images/2343102542/ltqfybftoevtfnuca4yi_normal.jpeg
valerie Lacroute,471,1417,1380,0.9557971009999999,0.675324675,1.073333333,0.54,VLacroute,56,2,LR,Les Républicains,Droite,http://pbs.twimg.com/profile_images/562007441504997376/IZRlHWl__normal.jpeg
Isabelle Bruneau,1387,1475,739,1.029769959,0.023088023,0.20679468199999998,0.172082718,IsabelleBrunea1,65,0,PS,Parti Socialiste,Gauche,http://pbs.twimg.com/profile_images/3188381941/70b3859819395142a77b6c7a368cf904_normal.jpeg
Michel Piron,1952,1016,4323,1.157298173,0.6266183320000001,2.122052705,1.5006934809999999,MichelPiron,157,23,UDI,Union des Démocrates et Indépendants,Centre,http://pbs.twimg.com/profile_images/654207924684914689/69DPbNq1_normal.jpg
Sylvie Tolmont,4815,1516,1529,0.37083060799999995,0.6875966590000001,1.691089109,0.72970297,SylvieTolmont,344,68,PS,Parti Socialiste,Gauche,http://pbs.twimg.com/profile_images/665551254429528064/Yk_0OUbe_normal.jpg
Myriam El Khomri,2443,1571,19714,0.082885259,0.39942291799999996,11.77625257,5.582017845,MyriamElKhomri,213,14,PS,Parti Socialiste,Gauche,http://pbs.twimg.com/profile_images/672415118022586369/pWpshWq__normal.jpg
Gérald DARMANIN,5494,1950,12593,0.09402048800000001,0.173053152,8.79857997,4.495515695,GDarmanin,215,4,LR,Les Républicains,Droite,http://pbs.twimg.com/profile_images/700033414641147905/563ebeuQ_normal.jpg
Vincent Peillon,299,2541,56402,0.035991632,0.036789298,4.729166667,0.9965277779999999,Vincent_Peillon,32,0,PS,Parti Socialiste,Gauche,http://pbs.twimg.com/profile_images/458539448511123456/YistHSHV_normal.jpeg
olivier veran,3656,1365,3006,0.082168995,0.13588635,3.566833452,1.557541101,olivierveran,291,0,PS,Parti Socialiste,Gauche,http://pbs.twimg.com/profile_images/555694990492327936/rTNdjDgZ_normal.jpeg
Marie-Anne Montchamp,2933,2281,9911,0.099687216,0.15818622400000001,1.658305921,0.33675986799999996,mamontchamp,209,1,LR,Les Républicains,Droite,http://pbs.twimg.com/profile_images/3113611859/a34e5e134c870e5edc4855350dd0752b_normal.png
Saint-André Stephane,343,1439,1009,0.328047572,0.279411765,0.391836735,0.163265306,AndrSaint,40,2,PRG,Parti Radical de Gauche,Gauche,http://pbs.twimg.com/profile_images/1947189879/image_normal.jpg
François Fillon,9837,1420,276799,0.005812881999999999,0.7663667390000001,54.89243028,27.11022576,FrancoisFillon,301,0,LR,Les Républicains,Droite,http://pbs.twimg.com/profile_images/670682305829216256/WqN3asqm_normal.jpg
Germinal Peiro,169,2064,1532,0.11357702300000001,0.15976331400000002,3.8028169010000004,0.915492958,germinalpeiro,3,0,PS,Parti Socialiste,Gauche,http://pbs.twimg.com/profile_images/648929436935524358/YRq3-o46_normal.jpg
Martine Aubry,494,2536,154043,0.0026680859999999996,0.052631579000000005,20.11752137,4.2264957260000005,MartineAubry,89,0,PS,Parti Socialiste,Gauche,http://pbs.twimg.com/profile_images/429280339412799488/RgoAF__i_normal.jpeg
Sabine Buis,3727,783,2096,0.44847328200000003,0.552985308,2.504195804,1.027972028,BuisSabine,287,5,PS,Parti Socialiste,Gauche,http://pbs.twimg.com/profile_images/527851704989929473/SV0LWeLW_normal.png
Patrick Devedjian,1246,1230,6971,0.051642519000000005,0.011235955,12.52922078,2.7889610389999997,DevedjianP,91,0,LR,Les Républicains,Droite,http://pbs.twimg.com/profile_images/378800000141408772/aaefab13037f73c769cdee81faca5d63_normal.jpeg
Rudy Salles,3308,2316,4041,0.261816382,0.192115144,4.8965917889999995,1.144848954,rudysalles,360,18,UDI,Union des Démocrates et Indépendants,Centre,http://pbs.twimg.com/profile_images/2953791321/e66a04f4eb129e0f3331e7088e2801ce_normal.jpeg
Christine Lagarde,682,1743,335673,2.68e-05,0.020527859,68.84131737,36.3488024,Lagarde,85,0,LR,Les Républicains,Droite,http://pbs.twimg.com/profile_images/673999987500519424/KS-zK9oK_normal.jpg
François Pupponi,312,1568,2360,0.18008474600000002,0.44230769200000003,2.298850575,0.66091954,fpupponi,55,0,PS,Parti Socialiste,Gauche,http://pbs.twimg.com/profile_images/2328688253/srfv7wzv8pct4z7wwxdx_normal.jpeg
Sandrine Doucet,2058,1263,1493,0.515070328,0.18686131399999997,0.909036505,0.567923399,Doucet_Sandrine,191,72,PS,Parti Socialiste,Gauche,http://pbs.twimg.com/profile_images/2616099312/Moi_normal.jpg
laurent wauquiez,2360,2594,169356,0.001960368,0.294193548,27.15478367,10.67276051,laurentwauquiez,257,6,LR,Les Républicains,Droite,http://pbs.twimg.com/profile_images/679003296611352576/cMpJowuj_normal.jpg
Philippe Vigier,1796,1645,5843,0.47133321899999997,0.257847534,5.516616314,1.6978851959999999,VigierPhilippe,237,19,UDI,Union des Démocrates et Indépendants,Centre,http://pbs.twimg.com/profile_images/676431025245847552/PXhMQRtb_normal.jpg
Manuel Valls,903,2375,410542,0.001987616,0.032115172000000004,251.0720824,158.5102975,manuelvalls,92,0,PS,Parti Socialiste,Gauche,http://pbs.twimg.com/profile_images/557873210017202179/mKBEJJjk_normal.jpeg
Bernard PERRUT,1190,1414,3126,1.026871401,0.068124474,1.852888087,0.7815884479999999,B_Perrut,120,5,LR,Les Républicains,Droite,http://pbs.twimg.com/profile_images/680643021025718273/MqwcWv4r_normal.jpg
Laure de La Raudière,10014,2436,16803,0.032077605,0.39218119799999995,7.252679939,2.733027055,lauredlr,276,46,LR,Les Républicains,Droite,http://pbs.twimg.com/profile_images/651723812950671362/cGjBkxI0_normal.jpg
PIETRASANTA,5870,2415,4078,0.566944581,0.533102144,3.079000675,0.6927751520000001,S_PIETRASANTA,232,33,PS,Parti Socialiste,Gauche,http://pbs.twimg.com/profile_images/326148351/photo_seb_normal.jpg
Stéphane Le Foll,3877,1566,74603,0.016433655,0.42282301200000005,27.833878000000002,8.566993464,SLeFoll,265,18,PS,Parti Socialiste,Gauche,http://pbs.twimg.com/profile_images/682595098635419649/06Qt0YVT_normal.jpg
Gérard Cherpion,317,1442,952,0.35819327700000003,0.8557692309999999,3.377777778,1.711111111,GerardCherpion,38,0,LR,Les Républicains,Droite,http://pbs.twimg.com/profile_images/613371265139757059/mR_x-S3n_normal.jpg
Ségolène Royal,5635,2380,395485,0.000546165,0.43651529200000005,44.26315789,30.36403509,RoyalSegolene,326,2,PS,Parti Socialiste,Gauche,http://pbs.twimg.com/profile_images/670509532670464000/NrJAD8Fr_normal.jpg
Herve Gaymard,244,1195,3226,0.174209547,0.382716049,9.64,5.533333333,HGaymard,14,0,LR,Les Républicains,Droite,http://pbs.twimg.com/profile_images/3395935082/bb18378e3e2c5eea8424d001ac999524_normal.jpeg
Yannick FAVENNEC,4432,2702,7403,0.06510874,0.017745953000000002,1.64437401,0.289698891,yfavennec,273,1,UDI,Union des Démocrates et Indépendants,Centre,http://pbs.twimg.com/profile_images/609230508371914753/jPqt4u2X_normal.jpg
André Chassaigne,983,1442,4373,0.16418934400000001,0.136456212,4.9304245280000005,1.028301887,AndreChassaigne,48,0,PCF,Parti Communiste Français,Extrême-Gauche,http://pbs.twimg.com/profile_images/1968227505/ChassaignetRIBUNE_normal.jpg
Annick Lepetit,4527,1352,5412,0.208425721,0.486115445,5.8087431689999995,2.491803279,annick_lepetit,318,95,PS,Parti Socialiste,Gauche,http://pbs.twimg.com/profile_images/431703897015844864/qlXFK--8_normal.jpeg
Luce Pane,44,1187,447,0.756152125,0.37209302299999997,0.592592593,0.333333333,LucePane1,6,0,PS,Parti Socialiste,Gauche,http://pbs.twimg.com/profile_images/378800000465141475/91d66fb019ff80930062b01b327ec738_normal.jpeg
Arlette Grosskost,295,1436,1663,0.153938665,0.074829932,0.819852941,0.386029412,agrosskost,42,0,LR,Les Républicains,Droite,http://pbs.twimg.com/profile_images/440446031746965506/HEe7zCGV_normal.jpeg
Claude Goasguen,4243,1626,13995,0.225866381,0.292897549,11.05377778,3.386666667,ClaudeGoasguen,359,0,LR,Les Républicains,Droite,http://pbs.twimg.com/profile_images/1559448467/cg_normal.jpg
Alain Moyne-Bressand,29,1179,495,0.355555556,0.034482759,0.6785714290000001,0.321428571,moyne_bressand,6,0,LR,Les Républicains,Droite,http://pbs.twimg.com/profile_images/689581275276021760/kY0hVR1O_normal.jpg
Hervé Morin,6072,2506,85771,0.008382787,0.26509023,19.86748518,6.429297206,Herve_Morin,323,6,UDI,Union des Démocrates et Indépendants,Centre,http://pbs.twimg.com/profile_images/1914245343/HMtwitterprofil_normal.jpg
Bertrand Pancher,2512,1540,2309,0.28540493699999997,0.22865123699999998,1.361614071,0.616658044,BertrandPancher,348,2,UDI,Union des Démocrates et Indépendants,Centre,http://pbs.twimg.com/profile_images/666906095940714496/p8uurqo4_normal.jpg
Jean-Pierre Decool,581,1616,1901,0.424513414,0.41811846700000005,2.155688623,0.982035928,jpdecool,55,8,LR,Les Républicains,Droite,http://pbs.twimg.com/profile_images/666922561595449344/8D-CUgNS_normal.png
Harlem Désir,6509,2542,79795,0.058487374,0.718933994,8.006615215,4.724366042,harlemdesir,320,34,PS,Parti Socialiste,Gauche,http://pbs.twimg.com/profile_images/672803968704225285/loI2Q9rH_normal.jpg
Jean-Yves Caullet,2221,1469,2108,0.053605312999999995,0.469147005,0.608547009,0.18974359,JYCaullet,231,86,PS,Parti Socialiste,Gauche,http://pbs.twimg.com/profile_images/1847917961/JYC_Twit_normal.jpg
Philippe Poutou,2355,1629,92885,0.0021316679999999998,0.001276596,2.260758415,0.535151257,PhilippePoutou,221,0,NPA,Nouveau Parti Anticapitaliste,Extrême-Gauche,http://pbs.twimg.com/profile_images/1545112464/220px-Philippe_Poutou_2011_normal.jpg
Jean-Luc Romero,32642,2504,81713,0.070882234,0.566470406,25.37240886,21.46318799,JeanLucRomero,219,0,PS,Parti Socialiste,Gauche,http://pbs.twimg.com/profile_images/699177832912658432/IanPoR_p_normal.jpg
Claude Greff,1013,1473,2538,0.654058314,0.444333996,3.4186046510000003,0.9624329159999999,ClaudeGreff,81,2,LR,Les Républicains,Droite,http://pbs.twimg.com/profile_images/600646087578394624/4s_ZATu0_normal.jpg
Patrick Vignal,3668,1188,2718,0.8465783659999999,0.12227074199999999,1.547619048,0.691897655,PatrickVignal,382,2,PS,Parti Socialiste,Gauche,http://pbs.twimg.com/profile_images/684769983797268480/M5Ojz-Vj_normal.png
Barbara Romagnan,1512,1287,5404,0.14822353800000002,0.263473054,3.8184281839999996,1.261969286,bromagnan,178,0,PS,Parti Socialiste,Gauche,http://pbs.twimg.com/profile_images/696631226644488192/m5okmCE6_normal.jpg
Christophe Cavard,1413,1933,2785,0.591741472,0.317437722,0.921793535,0.369134515,ccavard,161,2,PS,Parti Socialiste,Gauche,http://pbs.twimg.com/profile_images/664462898207588353/hugiIhnZ_normal.jpg
Francoise Guégot,426,1601,1504,0.066489362,0.180751174,6.0,2.88252149,fguegot,47,0,LR,Les Républicains,Droite,http://pbs.twimg.com/profile_images/1587741991/image_normal.jpg
Bruno Le Roux,3073,2346,30333,0.023439817999999998,0.37139107600000004,9.108559499,2.456158664,BrunoLeRoux,302,31,PS,Parti Socialiste,Gauche,http://pbs.twimg.com/profile_images/2890834011/a3b08fcc6a56afa9e46392a57d71ed7b_normal.jpeg
Pierre Alain Muet,599,1963,3930,0.049872774,0.113902848,3.824196597,1.1115311909999999,pierrealainmuet,65,2,PS,Parti Socialiste,Gauche,http://pbs.twimg.com/profile_images/2619208923/011u8rkukf2gbyat61de_normal.jpeg
Bruno-Nestor Azérot,323,994,998,0.5250501000000001,0.559748428,10.42142857,4.171428571,BNAzerot,50,2,DIVERSGAUCHE,Divers Gauche,Gauche,http://pbs.twimg.com/profile_images/704985357671145472/At-USCcY_normal.jpg
Frédéric Cuvillier,4170,2421,17798,0.032587931,0.135759494,7.050530941,1.998535335,fcuvillier,285,90,PS,Parti Socialiste,Gauche,http://pbs.twimg.com/profile_images/618905825403379712/QQP8OIFq_normal.jpg
fx villain,0,1475,307,0.022801303,0.0,0.0,0.0,fxvillain,0,0,UDI,Union des Démocrates et Indépendants,Centre,http://pbs.twimg.com/profile_images/440430367338536960/rZOiTktC_normal.jpeg
Serge LETCHIMY,1977,1501,4549,0.088371071,0.156882591,2.112845138,0.632052821,SergeLetchimy,239,16,DIVERSGAUCHE,Divers Gauche,Gauche,http://pbs.twimg.com/profile_images/669453149112025088/sacTj_m1_normal.jpg
Pascal Popelin,882,1159,1353,0.682926829,0.060090702999999995,1.4921592280000002,0.487334138,pascalpopelin,137,4,PS,Parti Socialiste,Gauche,http://pbs.twimg.com/profile_images/547131668428251139/dMnae93A_normal.jpeg
Poniatowski Axel,236,1238,1302,0.156682028,0.140425532,9.955445545,3.331683168,AxelPoniatowski,17,0,LR,Les Républicains,Droite,http://pbs.twimg.com/profile_images/2703063729/a1ea984c8356a21471dad8e0e3d29c70_normal.jpeg
MaudOlivier,2051,1647,3329,0.21297687,0.441161989,3.154185022,1.0704845809999999,OlivierMaud,232,25,PS,Parti Socialiste,Gauche,http://pbs.twimg.com/profile_images/555043661952847873/sAoNMtTt_normal.jpeg
Philippe Vitel,2059,1584,2654,0.461944235,0.404349975,0.995020747,0.355186722,PhilippeVitel,192,18,LR,Les Républicains,Droite,http://pbs.twimg.com/profile_images/1687649367/Photo_Identit__FEFE_normal.jpg
Michel DESTOT,655,1384,2504,0.41293929700000004,0.24042879,1.445564516,1.219758065,mdestot,31,0,PS,Parti Socialiste,Gauche,http://pbs.twimg.com/profile_images/651766340554887169/u6-ZEbpI_normal.jpg
Alain Suguenot,2052,2309,1938,0.026315789,0.000487329,0.207215992,0.058508045,A_Suguenot,86,0,LR,Les Républicains,Droite,http://pbs.twimg.com/profile_images/526107701/Alain_Suguenot_normal.jpg
Marie-Lou MARCEL,683,1315,832,0.35096153799999996,0.11583577699999999,0.399668325,0.145936982,mloumarcel,74,15,PS,Parti Socialiste,Gauche,http://pbs.twimg.com/profile_images/3529674679/aacf0a71715a9ab69621b15484883166_normal.jpeg
Jean Jacques Vlody,430,1863,1257,0.299920446,0.060465116,0.094059406,0.047029703,jvlody,15,0,PS,Parti Socialiste,Gauche,http://pbs.twimg.com/profile_images/1872089198/Sans_titre_normal.jpg
Michèle Delaunay,33143,1833,28346,0.091653143,0.24413580199999999,2.481012658,1.467129441,micheledelaunay,281,52,PS,Parti Socialiste,Gauche,http://pbs.twimg.com/profile_images/1599155505/twitter_normal.jpg
Nathalie Appéré,2493,1516,5788,0.191085003,0.56365834,5.034164358,1.8005540169999998,nathalieappere,225,8,PS,Parti Socialiste,Gauche,http://pbs.twimg.com/profile_images/672005167257112576/wKsbV8fy_normal.jpg
Helene Conway-Mouret,2536,1742,4623,0.22517845600000003,0.330166271,1.526595745,0.663711584,HMouretConway,211,8,PS,Parti Socialiste,Gauche,http://pbs.twimg.com/profile_images/1369761173/HC_normal.jpg
Roger KAROUTCHI,2018,1454,18653,0.04739184,0.039741679,55.78944646,15.05225039,RKaroutchi,121,0,LR,Les Républicains,Droite,http://pbs.twimg.com/profile_images/1883406713/371_46971420768_1394_n_normal.jpg
Yann Galut,18541,2343,12273,0.077242728,0.5718301060000001,10.47483589,4.55944566,yanngalut,246,39,PS,Parti Socialiste,Gauche,http://pbs.twimg.com/profile_images/702401927238307840/6GWjVTqt_normal.jpg
L Grandguillaume,8286,2501,11777,0.507769381,0.630650155,4.598491199,2.5389773680000003,LGRANDGUILLAUME,283,0,PS,Parti Socialiste,Gauche,http://pbs.twimg.com/profile_images/666581370551029761/zAjQSKbH_normal.jpg
Ch.de laVerpillière,692,2205,2072,0.21476834,0.031976744,0.741741742,0.22972973,delaverpilliere,83,8,LR,Les Républicains,Droite,http://pbs.twimg.com/profile_images/1596451856/100px_delaVerpilliere_8882_normal.jpg
Eva SAS,3023,1481,3976,0.174798793,0.587333333,3.096930533,0.879644588,EvaSasAN,352,45,EELV,Europe Ecologie Les Verts,Gauche,http://pbs.twimg.com/profile_images/561223663974760448/kaqQyCgB_normal.jpeg
Bernard Gérard,56,1570,569,0.195079086,0.404255319,2.642857143,2.142857143,bgerard59,9,9,LR,Les Républicains,Droite,http://pbs.twimg.com/profile_images/699011673261260800/xT9JAMGU_normal.jpg
ghjky,7,1391,175,0.0,1.0,0.0,0.0,MeunierPh,0,0,LR,Les Républicains,Droite,http://pbs.twimg.com/profile_images/2684772054/035bb6e6af0435071d964cf9b2e33c5f_normal.jpeg
Guillaume GAROT,2820,1630,13359,0.150684932,0.279218472,9.759980286000001,3.779201577,guillaumegarot,299,15,PS,Parti Socialiste,Gauche,http://pbs.twimg.com/profile_images/1550246987/image_normal.jpg
DenajaSébastien,10576,1777,4478,0.51853506,0.6951144090000001,4.420892495,2.394523327,SebastienDenaja,368,30,PS,Parti Socialiste,Gauche,http://pbs.twimg.com/profile_images/694987715134283776/t4ntZ8D3_normal.jpg
serge bardy,414,2444,1217,0.38783894799999996,0.424757282,0.911392405,0.48523206799999996,bardyserge,30,0,PS,Parti Socialiste,Gauche,http://pbs.twimg.com/profile_images/481558187301416960/mK4l-WCT_normal.jpeg
Valérie Corre,18,1531,516,0.137596899,0.27777777800000003,2.230769231,2.153846154,Valerie_Corre,2,0,PS,Parti Socialiste,Gauche,http://pbs.twimg.com/profile_images/614445847154036737/j14Br1PI_normal.jpg
Alain Vidalies,2624,1553,17709,0.021062736000000002,0.128527841,5.761050328,1.52297593,AVidalies,277,30,PS,Parti Socialiste,Gauche,http://pbs.twimg.com/profile_images/672481476869509120/WplE0ftO_normal.jpg
Marietta Karamanli,59,1462,795,0.07672956,0.152542373,0.7,0.06,karamanli72,6,0,PS,Parti Socialiste,Gauche,http://pbs.twimg.com/profile_images/1868011623/image_normal.jpg
Régis JUANICO,7025,1893,8687,0.234027858,0.601055573,3.574319066,1.284824903,Juanico,317,9,PS,Parti Socialiste,Gauche,http://pbs.twimg.com/profile_images/3634579383/171ed8dd55b1fe5465e6abac210376f9_normal.jpeg
Jean Lassalle,2862,2246,7084,0.18224167100000002,0.477182896,4.880412371,1.180756014,jeanlassalle,308,0,MODEM,Mouvement Démocrate,Centre,http://pbs.twimg.com/profile_images/693133092177977344/8MZCATc3_normal.jpg
David LEFEVRE,146,1406,76,0.684210526,0.01369863,0.0625,0.06944444400000001,DavidLEFEVREFri,6,0,AUTRE,Autre,Autre,http://pbs.twimg.com/profile_images/684009528371838976/k6-HC8ln_normal.jpg
Jean-Patrick Gille,4654,1465,5477,0.5409895929999999,0.42910564,3.4486899560000004,1.65010917,jp_gille,237,22,PS,Parti Socialiste,Gauche,http://pbs.twimg.com/profile_images/378800000185220016/57a955e768b754a2c017b69b9e7013d7_normal.jpeg
Olivier Carré,3164,2281,4526,0.110472824,0.263795853,2.568890815,0.43630849200000005,olivier_carre,361,24,LR,Les Républicains,Droite,http://pbs.twimg.com/profile_images/1687672204/image_normal.jpg
Victorin LUREL,2668,2519,21013,0.078951125,0.133559067,4.735128093999999,1.801997395,VictorinLurel,260,5,PS,Parti Socialiste,Gauche,http://pbs.twimg.com/profile_images/668566672824016897/TAjc6bQR_normal.jpg
Jean-Marie Le Guen,2193,1638,17286,0.057618882,0.275288684,3.668578713,0.608667941,jm_leguen,160,5,PS,Parti Socialiste,Gauche,http://pbs.twimg.com/profile_images/616849523269345280/P7BXoNnK_normal.jpg
Pascale Boistard,3873,1637,10797,0.271279059,0.349593496,14.01586538,6.796153846,Pascaleboistard,409,58,PS,Parti Socialiste,Gauche,http://pbs.twimg.com/profile_images/667362323821150213/nQeli5MI_normal.jpg
Jacques Bompard,2084,1183,5420,0.188929889,0.41682785299999997,11.03233831,3.702321725,JacquesBompard,234,11,DLF,Debout La France,Autre,http://pbs.twimg.com/profile_images/3215607947/c201e891f592cf4ff7de9086a1647035_normal.png
Philippe Noguès,844,1689,2298,0.238903394,0.259478673,3.1232,0.9584,PhilippeNogues,79,9,AUTRE,Autre,Autre,http://pbs.twimg.com/profile_images/555412564184555520/4niw4z-v_normal.jpeg
Patrick BLOCHE,1988,1401,5867,0.03647519999999999,0.750882501,3.848178138,1.710526316,pbloche,214,42,PS,Parti Socialiste,Gauche,http://pbs.twimg.com/profile_images/3123844037/9ce1f6ea4c379e4d8bbcb563f7a8490c_normal.jpeg
Marianne Dubois,625,1514,1548,0.505167959,0.18196457300000002,0.584645669,0.37992126,DuboisMarianne,48,0,LR,Les Républicains,Droite,http://pbs.twimg.com/profile_images/675033813265874945/RsXcPb_9_normal.jpg
Bernard Lesterlin,52,1169,529,0.189035917,0.596153846,0.428571429,0.047619048,BLesterlin,3,0,PS,Parti Socialiste,Gauche,http://pbs.twimg.com/profile_images/2995310558/d06ac5b6b53dc2e6ba3b458ec2399487_normal.jpeg
Guillaume BACHELAY,417,1693,6654,0.039525098,0.041062802,2.55163728,0.49370277100000004,GBachelay,53,0,PS,Parti Socialiste,Gauche,http://pbs.twimg.com/profile_images/3443745154/26af34e0bbae60792151f4f5e60e488d_normal.jpeg
Jean-David Ciot,322,1467,1301,0.302075327,0.769716088,1.397260274,0.6575342470000001,jdciot,26,0,PS,Parti Socialiste,Gauche,http://pbs.twimg.com/profile_images/610745120875524096/WV1S5GSb_normal.jpg
jean pierre door,770,1477,1898,0.061116965,0.024739583,1.355140187,0.296395194,doorjean,96,0,LR,Les Républicains,Droite,http://pbs.twimg.com/profile_images/2636522117/43e2f109ef100cf4cbd28735143e5fd6_normal.jpeg
Gilbert Collard,4412,1501,43376,0.017636481000000002,0.335511983,89.25807963,48.01639344,GilbertCollard,263,11,FN,Front National,Extrême-Droite,http://pbs.twimg.com/profile_images/540455054281433088/o_O1gWpi_normal.jpeg
BIES Philippe,2394,2187,2340,0.229059829,0.18139924600000001,1.4554759469999998,0.42272262,PhilippeBIES,254,38,PS,Parti Socialiste,Gauche,http://pbs.twimg.com/profile_images/632558984847851520/IIw6cInb_normal.jpg
François Lamy,1384,1380,10044,0.050975707,0.433647571,9.838668374,3.536491677,lamy_f,117,0,PS,Parti Socialiste,Gauche,http://pbs.twimg.com/profile_images/670515775808135168/QDAm8CXs_normal.jpg
Jean-François Copé,5067,2238,224867,0.009512289,0.121259843,40.07240143,7.473835125,jf_cope,351,0,LR,Les Républicains,Droite,http://pbs.twimg.com/profile_images/694557110386999296/Ac1SnP3T_normal.jpg
Suzanne Tallard,222,1526,1329,0.556809631,0.132420091,0.736842105,0.036842105,SuzanneTallard,66,0,PS,Parti Socialiste,Gauche,http://pbs.twimg.com/profile_images/3129546323/4a1c0f27fae790dfd22ecaefb8cb519e_normal.jpeg
Michel MENARD,2123,2272,2857,0.254812741,0.20689655199999998,2.149493746,0.46634901700000003,Michel_MENARD,342,211,PS,Parti Socialiste,Gauche,http://pbs.twimg.com/profile_images/2627051679/5m1a6juw3jipn6kn7s2g_normal.jpeg
Laurent Marcangeli,1203,2313,4175,0.128383234,0.0225,5.026427962,2.6240409209999997,LMarcangeli,61,0,LR,Les Républicains,Droite,http://pbs.twimg.com/profile_images/378800000456243579/ceb82a3978cb0405d278b3137d1d1837_normal.jpeg
Christian Paul,4143,1936,13389,0.14205691199999998,0.43017107299999996,8.105349345,2.1828602619999997,christianpaul58,423,11,PS,Parti Socialiste,Gauche,http://pbs.twimg.com/profile_images/507194468655591424/rNzFa7G5_normal.jpeg
Sylvie Pichot,584,1202,555,0.590990991,0.23287671199999999,0.9441964290000001,0.502232143,SylviePichot,44,0,PS,Parti Socialiste,Gauche,http://pbs.twimg.com/profile_images/3014498741/902ae98bf4f50351bad3b7d8e263ce9e_normal.jpeg
Lionnel Luca,3386,1416,9891,0.063087655,0.003098853,27.32110662,7.0522225679999995,lionnelluca06,297,0,LR,Les Républicains,Droite,http://pbs.twimg.com/profile_images/2129410245/IMG_1826_normal.JPG
Bruno Le Maire,5751,1629,154898,0.004157575,0.4932623,32.283859,16.02721088,BrunoLeMaire,331,28,LR,Les Républicains,Droite,http://pbs.twimg.com/profile_images/702167486045798401/Gy7RaDBH_normal.jpg
Christophe Borgel,2486,1460,6130,0.116965742,0.47912444299999996,3.3704280160000004,1.206225681,chborgel,202,11,PS,Parti Socialiste,Gauche,http://pbs.twimg.com/profile_images/2391403464/c5lrz2mtlaliromui1gz_normal.png
Patrick Ollier,1217,1464,6910,0.177858177,0.100577082,11.03941338,2.299725023,patrick_ollier,174,1,LR,Les Républicains,Droite,http://pbs.twimg.com/profile_images/605689794715394048/EWHvP1qu_normal.jpg
Dominique Paillé,2897,2289,11851,0.11872415800000001,0.254425547,2.526070764,0.568435754,DominiquePaille,208,0,UDI,Union des Démocrates et Indépendants,Centre,http://pbs.twimg.com/profile_images/527106335570006016/1AwLNb2K_normal.jpeg
Marisol Touraine,1206,1736,93658,0.009726879,0.133779264,28.47586873,8.967181467,MarisolTouraine,122,0,PS,Parti Socialiste,Gauche,http://pbs.twimg.com/profile_images/568727223100649472/FXkgL-n__normal.jpeg
Abeille Laurence,2174,1518,2803,0.378879772,0.5463392029999999,4.71092952,2.214504597,LaurenceAbeille,294,20,EELV,Europe Ecologie Les Verts,Gauche,http://pbs.twimg.com/profile_images/1737539377/LA_normal.JPG
Nicole Ameline,245,2330,2126,0.174506115,0.436734694,1.3840579709999998,0.7753623190000001,nicoleameline,17,0,LR,Les Républicains,Droite,http://pbs.twimg.com/profile_images/472375744/NA_edited_normal.jpg
Gérard Sebaoun,4694,2361,2749,0.423426701,0.032439177,1.670212766,0.532237266,gerardsebaoun,235,39,PS,Parti Socialiste,Gauche,http://pbs.twimg.com/profile_images/683367074001977345/eOxpQ5rm_normal.jpg
Jacques Cresta,735,1199,833,0.368547419,0.191460055,0.415672913,0.165247019,JacquesCresta,95,15,PS,Parti Socialiste,Gauche,http://pbs.twimg.com/profile_images/378800000821219743/3d7d24b88118ad55d71dcf48464507d3_normal.jpeg
Xavier BRETON,1349,2219,4124,0.17531522800000002,0.411368736,6.095298602000001,0.9377382470000001,bretonxavier,190,0,LR,Les Républicains,Droite,http://pbs.twimg.com/profile_images/378800000632571500/4cad47edf493e446bb16a752527fa6ef_normal.jpeg
Richard Ferrand,2286,1538,3135,0.241148325,0.29855326600000004,3.581875,1.153125,RichardFerrand,222,40,PS,Parti Socialiste,Gauche,http://pbs.twimg.com/profile_images/664015046633238528/KlAMkY_B_normal.jpg
J-J Candelier,569,1742,1545,0.025889968,0.088028169,4.077220077,1.098455598,jjcandelier,20,0,PCF,Parti Communiste Français,Extrême-Gauche,http://pbs.twimg.com/profile_images/378800000019670888/07dbb8a062ac5ec7f02ede1622822007_normal.jpeg
N. Kosciusko-Morizet,8108,2574,547446,0.002369183,0.791523839,50.57847534,28.32585949,nk_m,278,24,LR,Les Républicains,Droite,http://pbs.twimg.com/profile_images/673805125048262656/XeRs3wkn_normal.jpg
Véronique Massonneau,2290,1387,4580,0.232532751,0.302458297,3.706104468,1.4298300819999998,VMassonneau,283,36,PS,Parti Socialiste,Gauche,http://pbs.twimg.com/profile_images/639109754644733952/3bKFeYaT_normal.jpg
Daubresse,1426,1435,3808,0.226102941,0.357700497,4.097237569,2.0364640880000002,DAUBRESSE_MP,153,6,LR,Les Républicains,Droite,http://pbs.twimg.com/profile_images/615652742380548096/rE2Yjp6R_normal.jpg
Karine Berger,4831,1582,11266,0.109888159,0.45432022299999997,3.6379114639999997,1.261066969,Karine_Berger,262,4,PS,Parti Socialiste,Gauche,http://pbs.twimg.com/profile_images/536484052342022144/1rKso24J_normal.png
Monique Iborra,1935,1632,2590,0.213899614,0.544749095,1.851136364,1.072727273,MoniqueIborra,185,41,PS,Parti Socialiste,Gauche,http://pbs.twimg.com/profile_images/433162986010591233/MMM_t6xw_normal.jpeg
Fabrice Verdier,2936,1519,3398,0.694231901,0.12461591,0.765210608,0.36271450899999996,F_Verdier,278,11,PS,Parti Socialiste,Gauche,http://pbs.twimg.com/profile_images/378800000513982846/cd2e29c875ab8908997b352fc4634541_normal.jpeg
Charles de Courson,831,1540,3446,0.145676146,0.6221419979999999,9.127388535,5.98089172,C_deCourson,46,46,UDI,Union des Démocrates et Indépendants,Centre,http://pbs.twimg.com/profile_images/695188200931856384/4UGMZ__V_normal.jpg
Hugues Fourage,2284,2425,1691,0.261975163,0.45123022799999996,2.39071257,0.708566853,HuguesFourage,239,26,PS,Parti Socialiste,Gauche,http://pbs.twimg.com/profile_images/648846162699624449/tOyXLTCK_normal.jpg
Jean-Pierre Maggi,1722,1139,632,0.305379747,0.004065041,0.074635569,0.018658892,jpmaggi_depute,68,0,PRG,Parti Radical de Gauche,Gauche,http://pbs.twimg.com/profile_images/3125271337/279985665b47f245026d04bea20fee7f_normal.jpeg
Lucette_Lousteau,1437,1428,2022,0.10089020800000001,0.455749129,0.297055058,0.11011523699999999,LucetteLousteau,154,38,PS,Parti Socialiste,Gauche,http://pbs.twimg.com/profile_images/431788895680745472/3s8O9y0z_normal.jpeg
MF Bechtel,598,1190,1011,0.290801187,0.375838926,2.620967742,0.930107527,MFBechtel,64,9,PRG,Parti Radical de Gauche,Gauche,http://pbs.twimg.com/profile_images/667287717290491908/x2Am9XDi_normal.jpg
Sébastien Huyghe,9408,2318,12870,0.091219891,0.609649123,25.78491172,8.130016051,SebastienHuyghe,347,48,LR,Les Républicains,Droite,http://pbs.twimg.com/profile_images/692020147628957701/Qb1q0Z2o_normal.jpg
Colette Langlade,512,1855,1603,0.10480349300000001,0.02739726,0.150905433,0.024144869,langladecolette,15,0,PS,Parti Socialiste,Gauche,http://pbs.twimg.com/profile_images/2229081687/Capture_d_e_cran_2012-05-18_a__15.36.10_normal.png
Yannick MOREAU,3189,1583,4265,0.17936694,0.38293147200000005,9.452956298,2.8246786630000003,YannickMOREAU,427,150,LR,Les Républicains,Droite,http://pbs.twimg.com/profile_images/663064204254007297/y1qEnDuU_normal.jpg
André Santini,3352,1383,5092,0.182639434,0.24476601,3.1834488380000003,1.5311863019999998,ASantini_UDI,301,18,UDI,Union des Démocrates et Indépendants,Centre,http://pbs.twimg.com/profile_images/666964950229917696/ba8cJTxz_normal.jpg
Jean-Claude Guibal,494,1814,1362,0.028634361,0.046558704000000006,0.607218684,0.26963906600000004,jcguibal,48,0,LR,Les Républicains,Droite,http://pbs.twimg.com/profile_images/681830695912771584/hheJu417_normal.jpg
Rachida Dati,2585,1803,106937,0.00352544,0.168556903,28.52116651,10.77093133,datirachida,261,0,LR,Les Républicains,Droite,http://pbs.twimg.com/profile_images/1705548276/image_normal.jpg
Arnaud Montebourg,1510,2379,327469,0.014557103,0.22045152699999998,42.89182283,13.74020443,montebourg,109,0,PS,Parti Socialiste,Gauche,http://pbs.twimg.com/profile_images/670313252379893760/LEl7VJAw_normal.jpg
Denis_Baupin,65027,2669,16462,0.09488519,0.848089469,9.259713701,5.206543967,Denis_Baupin,336,23,EELV,Europe Ecologie Les Verts,Centre,http://pbs.twimg.com/profile_images/670904063773552640/59DQEV8t_normal.png
Virginie Duby-Muller,3784,1442,4349,0.354794206,0.379127726,1.7511289509999999,0.9478173609999999,DubyMuller,284,28,LR,Les Républicains,Droite,http://pbs.twimg.com/profile_images/3694970332/6f7b99e17b2f968a2f934fa22cc89510_normal.jpeg
FM LAMBERT,9274,1451,4464,0.23499103899999998,0.45621118,3.066818961,1.519131925,fm_lambert,282,67,PS,Parti Socialiste,Gauche,http://pbs.twimg.com/profile_images/670025087995805696/XZZA8Z7e_normal.jpg
Najat Belkacem,8042,2343,474637,0.005387275,0.259305599,59.67356419,38.88978041,najatvb,312,45,PS,Parti Socialiste,Gauche,http://pbs.twimg.com/profile_images/672008664660713472/EiSy_pr-_normal.png
Fleur Pellerin,4769,2492,343058,0.005879471999999999,0.503599374,36.06935687,18.670239600000002,fleurpellerin,336,2,PS,Parti Socialiste,Gauche,http://pbs.twimg.com/profile_images/687624275981930496/fbhc3Zr4_normal.jpg
Xavier Darcos,37,2354,6181,0.0019414329999999998,0.0,0.45945945899999996,0.21621621600000002,XavierDarcos,2,0,LR,Les Républicains,Droite,http://pbs.twimg.com/profile_images/629342867/xd3_normal.jpg
Frédéric Barbier,1116,1564,1623,0.6229205179999999,0.377697842,0.845375723,0.5057803470000001,Fred_Barbier,84,18,PS,Parti Socialiste,Gauche,http://pbs.twimg.com/profile_images/616960234507116544/udXjIjDD_normal.jpg
Daniel Goldberg,2818,2510,5839,0.09316663800000001,0.252220249,3.355819477,1.14631829,GoldbergDaniel,256,7,PS,Parti Socialiste,Gauche,http://pbs.twimg.com/profile_images/513004108672823296/SGyGs8x8_normal.jpeg
Erwann Binet,2604,1858,10243,0.08015229900000001,0.46805234799999995,11.78219971,4.2821997110000005,erwannbinet,298,102,PS,Parti Socialiste,Gauche,http://pbs.twimg.com/profile_images/683244906110959616/MS9ypKyE_normal.jpg
Fanny Dombre-Coste,1094,1497,1996,0.522044088,0.36996337,1.9258720930000002,0.75872093,F_DombreCoste,176,8,PS,Parti Socialiste,Gauche,http://pbs.twimg.com/profile_images/476362781113872384/ZkCa05Qi_normal.png
Cécile Duflot,15636,2659,324284,0.002685917,0.253582555,13.680300500000001,11.3230384,CecileDuflot,0,0,EELV,Europe Ecologie Les Verts,Gauche,http://pbs.twimg.com/profile_images/414482410378903552/kRnHMtTF_normal.jpeg
